-- MySQL dump 10.13  Distrib 8.0.19, for Linux (x86_64)
--
-- Host: localhost    Database: vk
-- ------------------------------------------------------
-- Server version	8.0.19

/*!40101 SET @OLD_CHARACTER_SET_CLIENT=@@CHARACTER_SET_CLIENT */;
/*!40101 SET @OLD_CHARACTER_SET_RESULTS=@@CHARACTER_SET_RESULTS */;
/*!40101 SET @OLD_COLLATION_CONNECTION=@@COLLATION_CONNECTION */;
/*!50503 SET NAMES utf8mb4 */;
/*!40103 SET @OLD_TIME_ZONE=@@TIME_ZONE */;
/*!40103 SET TIME_ZONE='+00:00' */;
/*!40014 SET @OLD_UNIQUE_CHECKS=@@UNIQUE_CHECKS, UNIQUE_CHECKS=0 */;
/*!40014 SET @OLD_FOREIGN_KEY_CHECKS=@@FOREIGN_KEY_CHECKS, FOREIGN_KEY_CHECKS=0 */;
/*!40101 SET @OLD_SQL_MODE=@@SQL_MODE, SQL_MODE='NO_AUTO_VALUE_ON_ZERO' */;
/*!40111 SET @OLD_SQL_NOTES=@@SQL_NOTES, SQL_NOTES=0 */;

--
-- Table structure for table `communities`
--

DROP TABLE IF EXISTS `communities`;
/*!40101 SET @saved_cs_client     = @@character_set_client */;
/*!50503 SET character_set_client = utf8mb4 */;
CREATE TABLE `communities` (
  `id` int unsigned NOT NULL AUTO_INCREMENT,
  `name` varchar(150) CHARACTER SET utf8 COLLATE utf8_unicode_ci NOT NULL,
  PRIMARY KEY (`id`),
  UNIQUE KEY `name` (`name`)
) ENGINE=InnoDB AUTO_INCREMENT=101 DEFAULT CHARSET=utf8 COLLATE=utf8_unicode_ci;
/*!40101 SET character_set_client = @saved_cs_client */;

--
-- Dumping data for table `communities`
--

LOCK TABLES `communities` WRITE;
/*!40000 ALTER TABLE `communities` DISABLE KEYS */;
INSERT INTO `communities` VALUES (36,'accusamus'),(12,'accusantium'),(41,'ad'),(53,'adipisci'),(56,'aliquam'),(1,'aliquid'),(67,'aperiam'),(85,'aspernatur'),(66,'at'),(28,'aut'),(51,'autem'),(54,'beatae'),(37,'blanditiis'),(70,'consequatur'),(52,'consequuntur'),(47,'corrupti'),(86,'cum'),(11,'cumque'),(57,'cupiditate'),(68,'delectus'),(91,'dicta'),(9,'distinctio'),(38,'dolor'),(5,'dolore'),(55,'ducimus'),(35,'ea'),(13,'earum'),(26,'eius'),(50,'enim'),(96,'eos'),(58,'esse'),(27,'est'),(4,'et'),(45,'eum'),(10,'exercitationem'),(31,'expedita'),(71,'explicabo'),(62,'facere'),(65,'facilis'),(74,'fuga'),(78,'harum'),(2,'hic'),(84,'impedit'),(16,'in'),(44,'inventore'),(22,'ipsa'),(81,'ipsum'),(94,'labore'),(93,'laborum'),(76,'laudantium'),(8,'libero'),(42,'magnam'),(43,'magni'),(79,'maiores'),(14,'maxime'),(75,'molestiae'),(92,'necessitatibus'),(83,'nemo'),(89,'nesciunt'),(98,'nihil'),(15,'nobis'),(95,'non'),(34,'nostrum'),(46,'nulla'),(73,'numquam'),(20,'occaecati'),(23,'omnis'),(6,'optio'),(59,'possimus'),(69,'provident'),(90,'quas'),(7,'quasi'),(63,'qui'),(49,'quia'),(97,'quidem'),(64,'quis'),(61,'quisquam'),(39,'quos'),(33,'ratione'),(48,'rerum'),(24,'sed'),(40,'sequi'),(80,'similique'),(30,'sint'),(19,'sit'),(25,'soluta'),(87,'tempora'),(72,'temporibus'),(32,'tenetur'),(60,'totam'),(29,'unde'),(18,'ut'),(99,'vel'),(82,'velit'),(77,'veniam'),(88,'veritatis'),(17,'voluptas'),(3,'voluptate'),(21,'voluptatem'),(100,'voluptatum');
/*!40000 ALTER TABLE `communities` ENABLE KEYS */;
UNLOCK TABLES;

--
-- Table structure for table `communities_users`
--

DROP TABLE IF EXISTS `communities_users`;
/*!40101 SET @saved_cs_client     = @@character_set_client */;
/*!50503 SET character_set_client = utf8mb4 */;
CREATE TABLE `communities_users` (
  `community_id` int unsigned NOT NULL,
  `user_id` int unsigned NOT NULL,
  PRIMARY KEY (`community_id`,`user_id`)
) ENGINE=InnoDB DEFAULT CHARSET=utf8 COLLATE=utf8_unicode_ci;
/*!40101 SET character_set_client = @saved_cs_client */;

--
-- Dumping data for table `communities_users`
--

LOCK TABLES `communities_users` WRITE;
/*!40000 ALTER TABLE `communities_users` DISABLE KEYS */;
INSERT INTO `communities_users` VALUES (1,1),(2,2),(3,3),(4,4),(5,5),(6,6),(7,7),(8,8),(9,9),(10,10),(11,11),(12,12),(13,13),(14,14),(15,15),(16,16),(17,17),(18,18),(19,19),(20,20),(21,21),(22,22),(23,23),(24,24),(25,25),(26,26),(27,27),(28,28),(29,29),(30,30),(31,31),(32,32),(33,33),(34,34),(35,35),(36,36),(37,37),(38,38),(39,39),(40,40),(41,41),(42,42),(43,43),(44,44),(45,45),(46,46),(47,47),(48,48),(49,49),(50,50),(51,51),(52,52),(53,53),(54,54),(55,55),(56,56),(57,57),(58,58),(59,59),(60,60),(61,61),(62,62),(63,63),(64,64),(65,65),(66,66),(67,67),(68,68),(69,69),(70,70),(71,71),(72,72),(73,73),(74,74),(75,75),(76,76),(77,77),(78,78),(79,79),(80,80),(81,81),(82,82),(83,83),(84,84),(85,85),(86,86),(87,87),(88,88),(89,89),(90,90),(91,91),(92,92),(93,93),(94,94),(95,95),(96,96),(97,97),(98,98),(99,99),(100,100);
/*!40000 ALTER TABLE `communities_users` ENABLE KEYS */;
UNLOCK TABLES;

--
-- Table structure for table `friendship`
--

DROP TABLE IF EXISTS `friendship`;
/*!40101 SET @saved_cs_client     = @@character_set_client */;
/*!50503 SET character_set_client = utf8mb4 */;
CREATE TABLE `friendship` (
  `user_id` int unsigned NOT NULL,
  `friend_id` int unsigned NOT NULL,
  `status_id` int unsigned NOT NULL,
  `requested_at` datetime DEFAULT CURRENT_TIMESTAMP,
  `confirmed_at` datetime DEFAULT NULL,
  PRIMARY KEY (`user_id`,`friend_id`)
) ENGINE=InnoDB DEFAULT CHARSET=utf8 COLLATE=utf8_unicode_ci;
/*!40101 SET character_set_client = @saved_cs_client */;

--
-- Dumping data for table `friendship`
--

LOCK TABLES `friendship` WRITE;
/*!40000 ALTER TABLE `friendship` DISABLE KEYS */;
INSERT INTO `friendship` VALUES (1,1,1,'1973-08-23 16:02:28','1971-09-14 11:09:17'),(2,2,2,'2010-12-02 03:17:39','1975-07-08 09:28:13'),(3,3,3,'2004-03-23 17:35:23','2019-09-18 04:46:24'),(4,4,4,'1980-10-07 18:06:25','1995-07-12 05:55:16'),(5,5,5,'2002-07-08 22:43:00','2015-03-31 01:53:30'),(6,6,6,'1995-03-20 16:37:19','2011-12-06 06:21:36'),(7,7,7,'2003-03-03 16:01:56','2009-02-26 15:57:09'),(8,8,8,'1993-06-12 18:00:15','2011-04-22 14:32:41'),(9,9,9,'1983-12-12 16:37:48','2010-06-11 05:40:49'),(10,10,10,'2019-02-20 20:24:58','2000-06-15 03:16:55'),(11,11,11,'1978-07-23 02:28:45','1981-05-03 23:34:32'),(12,12,12,'1993-01-02 08:27:26','2016-10-04 19:38:13'),(13,13,13,'1983-11-29 10:37:01','2002-09-18 12:56:41'),(14,14,14,'2004-03-05 20:47:35','2012-03-05 15:01:59'),(15,15,15,'1987-06-26 15:25:49','1975-01-24 16:02:41'),(16,16,16,'2001-08-22 13:06:43','2005-10-31 13:47:07'),(17,17,17,'1987-02-27 14:31:24','1973-04-07 10:39:33'),(18,18,18,'2016-07-13 07:52:16','1986-02-01 23:55:02'),(19,19,19,'2016-03-08 15:30:59','1992-11-26 12:56:20'),(20,20,20,'1979-07-11 11:55:23','1983-12-11 15:57:05'),(21,21,21,'1972-01-14 19:21:06','1970-06-29 03:52:56'),(22,22,22,'1982-10-27 07:44:42','2016-04-05 16:50:29'),(23,23,23,'1977-07-15 21:13:35','1989-05-10 02:47:27'),(24,24,24,'2019-10-25 06:54:56','1994-12-16 23:36:58'),(25,25,25,'1982-09-19 04:07:58','2013-12-29 04:06:45'),(26,26,26,'1975-02-21 01:47:45','1974-10-31 09:33:53'),(27,27,27,'1993-07-22 20:43:48','2002-08-25 20:34:17'),(28,28,28,'1983-06-03 18:19:44','2013-06-05 20:22:57'),(29,29,29,'1987-03-03 13:33:57','2017-03-21 03:37:09'),(30,30,30,'1978-06-07 13:10:47','2003-10-15 00:56:57'),(31,31,31,'1976-01-12 00:32:29','2004-11-24 09:26:33'),(32,32,32,'1998-11-29 15:42:03','2001-07-16 05:56:12'),(33,33,33,'2014-07-25 01:57:37','2001-11-26 10:37:48'),(34,34,34,'1993-05-26 07:58:54','2000-01-06 11:05:41'),(35,35,35,'2018-05-11 05:15:42','2011-01-21 01:59:44'),(36,36,36,'2001-09-27 12:37:32','1985-12-24 15:44:32'),(37,37,37,'1988-05-20 20:27:17','1982-11-29 16:37:27'),(38,38,38,'1990-11-10 15:47:46','1985-02-13 09:05:50'),(39,39,39,'2018-04-24 03:05:39','2019-05-04 17:22:52'),(40,40,40,'1996-09-09 10:15:17','1990-12-14 05:44:58'),(41,41,41,'1990-10-02 17:07:09','2000-01-13 05:58:46'),(42,42,42,'1992-08-25 06:41:17','1981-04-10 15:38:59'),(43,43,43,'1978-11-28 11:47:12','1999-09-23 14:29:26'),(44,44,44,'2003-12-19 16:44:35','1990-10-25 14:35:20'),(45,45,45,'1978-07-10 20:44:47','2005-08-05 00:12:50'),(46,46,46,'1989-03-13 18:44:13','1977-12-15 05:24:57'),(47,47,47,'2015-11-12 04:52:56','1972-10-06 07:05:20'),(48,48,48,'1971-09-30 10:37:01','1972-09-24 13:25:09'),(49,49,49,'1999-01-02 10:29:22','2009-10-15 13:04:13'),(50,50,50,'1973-09-24 22:07:50','1971-09-01 05:02:02'),(51,51,51,'2003-01-04 17:35:42','1998-01-26 16:19:59'),(52,52,52,'2016-05-07 13:44:17','2018-05-28 14:13:32'),(53,53,53,'1979-01-03 04:20:46','2010-09-21 20:18:32'),(54,54,54,'1985-03-06 20:56:33','1996-02-05 23:15:50'),(55,55,55,'1979-02-06 02:24:33','1976-08-28 04:33:42'),(56,56,56,'2018-12-19 06:38:15','1976-01-25 06:08:13'),(57,57,57,'1997-08-30 16:27:38','2019-01-12 12:54:37'),(58,58,58,'2008-11-17 02:13:14','1978-01-13 19:08:58'),(59,59,59,'2015-04-14 11:11:14','2010-02-23 22:58:15'),(60,60,60,'1999-09-16 01:17:39','2002-09-04 20:30:20'),(61,61,61,'1974-07-17 22:54:54','1977-03-23 16:11:15'),(62,62,62,'1975-03-07 11:29:39','2004-06-13 09:29:32'),(63,63,63,'2008-11-11 14:12:49','2011-10-12 00:48:18'),(64,64,64,'1973-06-04 18:40:54','1997-11-16 21:47:16'),(65,65,65,'1990-09-26 20:32:54','1974-04-25 21:39:54'),(66,66,66,'1995-05-09 08:46:30','2000-02-22 22:01:31'),(67,67,67,'1979-10-07 11:35:50','1992-12-23 19:37:23'),(68,68,68,'2002-01-19 14:18:51','1993-10-17 13:31:06'),(69,69,69,'1978-04-15 08:25:45','1971-09-27 02:30:01'),(70,70,70,'2003-12-11 20:35:34','1999-10-13 22:42:03'),(71,71,71,'1976-10-21 13:27:04','1984-01-10 03:53:14'),(72,72,72,'1976-04-27 05:02:38','2010-02-10 19:48:43'),(73,73,73,'2017-12-20 18:44:04','1977-10-31 00:28:55'),(74,74,74,'1989-06-01 15:20:27','1994-10-01 22:24:56'),(75,75,75,'2012-08-09 22:18:44','2006-09-26 05:35:26'),(76,76,76,'1985-02-01 23:19:23','1987-03-05 13:13:02'),(77,77,77,'1984-09-24 01:40:44','1995-02-20 09:21:49'),(78,78,78,'2006-11-18 04:58:03','1980-03-05 06:38:43'),(79,79,79,'2000-06-11 01:03:09','1987-09-17 21:47:21'),(80,80,80,'1986-10-22 00:05:20','1980-02-21 17:26:33'),(81,81,81,'1984-04-03 06:55:21','2003-08-25 11:34:05'),(82,82,82,'1992-12-18 22:18:18','2007-01-26 11:43:42'),(83,83,83,'2001-01-28 05:12:42','2001-02-03 13:00:46'),(84,84,84,'1985-10-25 03:32:35','2000-09-09 20:41:30'),(85,85,85,'2008-08-26 00:11:53','1992-07-08 02:30:09'),(86,86,86,'1990-01-25 13:16:04','2011-04-11 14:29:09'),(87,87,87,'1972-03-17 13:43:57','2018-07-14 00:57:15'),(88,88,88,'1998-04-19 13:39:12','2005-01-06 09:57:42'),(89,89,89,'1978-02-25 15:35:24','1987-04-01 22:53:05'),(90,90,90,'2013-02-10 18:28:33','2010-11-07 02:31:33'),(91,91,91,'2014-01-26 19:42:37','1974-07-23 08:21:04'),(92,92,92,'1983-01-14 16:39:51','1971-10-27 05:20:40'),(93,93,93,'1978-09-12 01:09:56','1991-03-04 19:02:41'),(94,94,94,'1992-01-15 01:41:11','2001-06-27 09:22:59'),(95,95,95,'2019-02-28 01:05:29','1974-11-18 07:05:19'),(96,96,96,'1973-05-12 01:17:21','2010-02-09 09:43:04'),(97,97,97,'1982-01-29 04:29:06','1991-07-23 08:07:06'),(98,98,98,'1999-08-20 13:43:03','2015-04-22 02:48:13'),(99,99,99,'1994-09-10 00:42:06','1998-10-03 10:40:54'),(100,100,100,'1973-05-25 01:04:58','1992-04-30 09:19:30');
/*!40000 ALTER TABLE `friendship` ENABLE KEYS */;
UNLOCK TABLES;

--
-- Table structure for table `friendship_statuses`
--

DROP TABLE IF EXISTS `friendship_statuses`;
/*!40101 SET @saved_cs_client     = @@character_set_client */;
/*!50503 SET character_set_client = utf8mb4 */;
CREATE TABLE `friendship_statuses` (
  `id` int unsigned NOT NULL AUTO_INCREMENT,
  `name` varchar(150) CHARACTER SET utf8 COLLATE utf8_unicode_ci NOT NULL,
  PRIMARY KEY (`id`),
  UNIQUE KEY `name` (`name`)
) ENGINE=InnoDB AUTO_INCREMENT=101 DEFAULT CHARSET=utf8 COLLATE=utf8_unicode_ci;
/*!40101 SET character_set_client = @saved_cs_client */;

--
-- Dumping data for table `friendship_statuses`
--

LOCK TABLES `friendship_statuses` WRITE;
/*!40000 ALTER TABLE `friendship_statuses` DISABLE KEYS */;
INSERT INTO `friendship_statuses` VALUES (27,'a'),(85,'ab'),(86,'ad'),(51,'adipisci'),(36,'alias'),(49,'aliquam'),(54,'amet'),(93,'architecto'),(38,'at'),(3,'aut'),(76,'autem'),(44,'blanditiis'),(34,'consectetur'),(46,'consequatur'),(97,'consequuntur'),(32,'corporis'),(64,'cupiditate'),(22,'delectus'),(29,'deleniti'),(94,'deserunt'),(48,'dolor'),(31,'dolore'),(12,'dolores'),(79,'doloribus'),(66,'dolorum'),(56,'ducimus'),(100,'eaque'),(88,'eligendi'),(55,'eos'),(61,'est'),(4,'et'),(89,'eum'),(65,'exercitationem'),(99,'expedita'),(77,'explicabo'),(53,'facilis'),(42,'fuga'),(91,'fugiat'),(69,'fugit'),(43,'harum'),(26,'hic'),(72,'id'),(74,'illum'),(71,'in'),(20,'incidunt'),(5,'inventore'),(59,'ipsa'),(41,'ipsum'),(10,'iste'),(62,'itaque'),(21,'iure'),(9,'iusto'),(24,'laboriosam'),(33,'laborum'),(92,'magnam'),(15,'magni'),(95,'maiores'),(47,'maxime'),(50,'minima'),(7,'mollitia'),(81,'nemo'),(96,'neque'),(67,'nihil'),(57,'non'),(75,'nostrum'),(35,'nulla'),(8,'numquam'),(16,'officiis'),(30,'omnis'),(87,'pariatur'),(25,'perferendis'),(80,'possimus'),(84,'praesentium'),(11,'provident'),(18,'quae'),(83,'quaerat'),(58,'quam'),(19,'qui'),(60,'quia'),(13,'quis'),(37,'quo'),(78,'quos'),(82,'reiciendis'),(2,'repellat'),(68,'reprehenderit'),(28,'rerum'),(23,'sapiente'),(6,'sed'),(52,'sint'),(45,'sit'),(70,'soluta'),(98,'sunt'),(63,'tempora'),(39,'tempore'),(17,'ut'),(14,'vel'),(73,'velit'),(1,'veniam'),(40,'voluptate'),(90,'voluptatem');
/*!40000 ALTER TABLE `friendship_statuses` ENABLE KEYS */;
UNLOCK TABLES;

--
-- Table structure for table `media`
--

DROP TABLE IF EXISTS `media`;
/*!40101 SET @saved_cs_client     = @@character_set_client */;
/*!50503 SET character_set_client = utf8mb4 */;
CREATE TABLE `media` (
  `id` int unsigned NOT NULL AUTO_INCREMENT,
  `media_type_id` int unsigned NOT NULL,
  `user_id` int unsigned NOT NULL,
  `filename` varchar(255) CHARACTER SET utf8 COLLATE utf8_unicode_ci NOT NULL,
  `size` int NOT NULL,
  `metadata` longtext CHARACTER SET utf8mb4 COLLATE utf8mb4_bin,
  `created_at` datetime DEFAULT CURRENT_TIMESTAMP,
  `updated_at` datetime DEFAULT CURRENT_TIMESTAMP ON UPDATE CURRENT_TIMESTAMP,
  PRIMARY KEY (`id`)
) ENGINE=InnoDB AUTO_INCREMENT=101 DEFAULT CHARSET=utf8 COLLATE=utf8_unicode_ci;
/*!40101 SET character_set_client = @saved_cs_client */;

--
-- Dumping data for table `media`
--

LOCK TABLES `media` WRITE;
/*!40000 ALTER TABLE `media` DISABLE KEYS */;
INSERT INTO `media` VALUES (1,1,1,'dolore',777,NULL,'2016-09-12 00:25:10','2004-01-15 00:25:06'),(2,2,2,'velit',2116,NULL,'1970-09-03 12:20:12','1970-02-08 09:09:15'),(3,3,3,'necessitatibus',915259620,NULL,'2008-12-04 07:02:39','1972-10-21 14:33:32'),(4,4,4,'ab',9170304,NULL,'2015-03-25 16:49:34','1985-12-22 02:02:26'),(5,5,5,'ut',53,NULL,'2003-03-16 21:29:17','1989-08-06 06:39:11'),(6,6,6,'sed',55,NULL,'2004-11-02 07:03:58','1998-09-16 09:50:39'),(7,7,7,'cupiditate',12734251,NULL,'1970-11-10 23:32:06','2013-07-22 14:39:49'),(8,8,8,'id',0,NULL,'1972-05-18 22:50:42','1974-09-18 22:50:31'),(9,9,9,'nihil',2288847,NULL,'1998-08-29 16:06:17','1983-07-07 10:48:59'),(10,10,10,'fugiat',3540280,NULL,'1974-08-27 01:35:17','1987-09-29 02:15:24'),(11,11,11,'omnis',837,NULL,'2019-03-18 22:42:09','1982-08-23 04:33:50'),(12,12,12,'odit',527882,NULL,'2019-02-08 08:45:53','1985-11-07 12:26:40'),(13,13,13,'perspiciatis',5858,NULL,'2016-06-09 02:06:52','1986-05-11 03:56:11'),(14,14,14,'dicta',902366355,NULL,'1975-08-21 21:50:52','1983-09-22 12:19:01'),(15,15,15,'qui',2875,NULL,'1974-01-17 08:02:25','1994-06-28 16:38:53'),(16,16,16,'molestiae',9,NULL,'1973-04-16 18:19:52','2008-06-17 09:52:44'),(17,17,17,'minus',445,NULL,'1994-02-23 09:15:58','2009-02-21 22:36:51'),(18,18,18,'cupiditate',69,NULL,'2008-01-17 12:40:15','1983-12-14 06:14:22'),(19,19,19,'reiciendis',54,NULL,'1979-08-24 03:28:47','1988-07-14 19:47:27'),(20,20,20,'earum',0,NULL,'2009-04-24 05:46:11','2003-10-07 05:40:47'),(21,21,21,'voluptate',823865483,NULL,'1989-11-25 10:15:53','2013-08-10 04:20:06'),(22,22,22,'voluptas',23,NULL,'1973-11-07 12:22:36','1982-03-14 13:53:47'),(23,23,23,'quaerat',18,NULL,'1974-04-27 12:15:27','1990-09-06 14:35:44'),(24,24,24,'consectetur',824,NULL,'1977-10-09 15:22:52','1997-04-05 04:53:17'),(25,25,25,'at',5350395,NULL,'2015-01-29 20:05:54','1997-12-23 05:54:21'),(26,26,26,'maiores',0,NULL,'1991-09-01 04:15:30','1971-10-15 09:10:03'),(27,27,27,'et',288857156,NULL,'1973-08-01 11:50:52','1994-01-27 10:12:28'),(28,28,28,'non',7773,NULL,'1973-11-22 21:27:15','2015-09-11 04:43:25'),(29,29,29,'quo',75,NULL,'2013-01-14 18:03:52','1999-03-03 00:11:59'),(30,30,30,'perspiciatis',3,NULL,'2013-07-06 09:28:01','2008-10-06 03:22:49'),(31,31,31,'adipisci',8,NULL,'1993-05-22 22:28:51','2001-08-26 23:24:18'),(32,32,32,'dolorum',8001916,NULL,'2016-04-12 00:05:56','1990-04-22 21:43:54'),(33,33,33,'aspernatur',13,NULL,'1971-09-21 00:59:42','2014-12-24 18:55:43'),(34,34,34,'et',5066,NULL,'2000-09-05 14:20:57','1986-12-02 05:07:14'),(35,35,35,'vero',94777964,NULL,'2002-09-27 09:52:08','2015-12-30 05:50:40'),(36,36,36,'quia',0,NULL,'2010-11-13 14:50:41','1993-03-14 22:11:48'),(37,37,37,'quibusdam',372,NULL,'2017-07-31 14:01:57','1973-08-20 22:11:30'),(38,38,38,'consectetur',164260684,NULL,'2005-08-11 20:02:48','1983-03-20 21:32:41'),(39,39,39,'voluptatum',617197,NULL,'1991-12-02 08:00:03','1987-12-15 10:32:17'),(40,40,40,'eaque',87940625,NULL,'2007-12-27 11:41:43','2018-10-23 02:37:00'),(41,41,41,'assumenda',1800,NULL,'2017-05-27 07:12:31','1987-09-07 07:42:34'),(42,42,42,'magnam',64,NULL,'1982-09-25 08:23:45','2018-06-24 02:23:50'),(43,43,43,'voluptatem',9,NULL,'2001-03-05 16:55:01','1996-08-14 16:33:39'),(44,44,44,'perspiciatis',80,NULL,'1988-10-20 01:43:51','1980-07-22 16:24:38'),(45,45,45,'sequi',57155,NULL,'2018-03-06 17:05:21','2019-05-25 04:59:32'),(46,46,46,'minus',87,NULL,'1979-05-11 16:23:38','1988-08-27 19:11:00'),(47,47,47,'vitae',4289394,NULL,'2000-10-02 09:45:08','1987-08-29 18:31:02'),(48,48,48,'eius',7299624,NULL,'1986-07-06 11:33:59','1988-01-05 04:33:47'),(49,49,49,'qui',9964,NULL,'2000-11-22 23:55:47','2008-12-12 02:36:21'),(50,50,50,'sed',26525638,NULL,'2015-12-17 01:13:50','1998-05-29 22:23:35'),(51,51,51,'quis',631,NULL,'1996-08-11 01:57:44','2011-11-10 02:57:25'),(52,52,52,'dolor',193649447,NULL,'2015-11-25 12:02:13','2009-10-25 19:51:23'),(53,53,53,'laboriosam',26,NULL,'1987-06-14 02:07:19','1973-12-04 18:39:36'),(54,54,54,'provident',38,NULL,'2009-11-01 00:58:11','1992-03-28 15:00:54'),(55,55,55,'sit',69347,NULL,'1985-04-06 01:12:03','2004-11-20 19:35:03'),(56,56,56,'in',38,NULL,'1998-12-15 17:12:34','1989-04-09 14:38:10'),(57,57,57,'exercitationem',63657,NULL,'1979-04-23 17:57:30','2015-01-11 02:56:58'),(58,58,58,'ducimus',785250545,NULL,'2019-01-24 04:40:00','1981-03-23 22:34:32'),(59,59,59,'eos',20,NULL,'1979-06-24 15:44:15','2017-12-10 16:18:42'),(60,60,60,'qui',565738108,NULL,'2010-04-15 09:14:48','2013-11-16 03:37:12'),(61,61,61,'reprehenderit',828,NULL,'1998-03-09 14:13:15','2011-12-05 16:53:15'),(62,62,62,'voluptas',836202,NULL,'1977-07-24 00:32:38','1970-05-31 08:19:23'),(63,63,63,'quia',448381734,NULL,'1978-08-23 21:00:03','2012-03-07 14:39:04'),(64,64,64,'vel',85414,NULL,'2004-05-23 15:52:11','2007-03-28 05:56:32'),(65,65,65,'et',6,NULL,'1991-06-03 03:08:26','1981-09-19 23:41:02'),(66,66,66,'qui',2,NULL,'1992-06-08 13:55:46','1971-05-28 01:22:25'),(67,67,67,'excepturi',562,NULL,'1998-09-04 11:24:12','1994-05-21 12:44:37'),(68,68,68,'voluptates',99,NULL,'1980-12-26 02:50:33','2005-08-31 21:16:00'),(69,69,69,'repellat',379225,NULL,'1984-09-22 09:21:30','1982-06-09 20:27:10'),(70,70,70,'quia',81879,NULL,'1983-07-30 09:05:11','2014-02-20 17:22:50'),(71,71,71,'mollitia',682,NULL,'1984-03-13 12:05:39','1975-05-26 07:55:35'),(72,72,72,'dolorem',501535267,NULL,'1971-06-09 11:14:35','2018-11-16 10:32:46'),(73,73,73,'est',9,NULL,'1982-11-05 11:55:35','1984-08-20 19:39:52'),(74,74,74,'eos',12,NULL,'2007-07-16 14:04:08','1996-08-22 21:35:05'),(75,75,75,'qui',46445,NULL,'1997-07-03 21:32:34','2009-11-17 10:07:40'),(76,76,76,'autem',1,NULL,'2010-03-01 18:28:54','1970-02-09 03:15:04'),(77,77,77,'soluta',70,NULL,'1999-12-27 04:04:34','2018-02-13 15:30:58'),(78,78,78,'praesentium',1,NULL,'2009-01-01 21:44:25','1987-11-16 18:24:48'),(79,79,79,'assumenda',561353310,NULL,'2006-02-24 18:11:41','1988-03-14 01:36:28'),(80,80,80,'molestiae',6703091,NULL,'1990-06-18 04:38:53','1974-07-05 07:20:12'),(81,81,81,'est',77,NULL,'1991-02-18 19:58:46','2003-02-01 04:16:49'),(82,82,82,'ut',0,NULL,'1972-02-18 22:12:44','2008-01-12 03:53:38'),(83,83,83,'et',77,NULL,'1995-08-27 17:53:41','2015-09-30 00:37:20'),(84,84,84,'velit',662,NULL,'1994-06-23 00:02:33','2015-10-15 10:54:38'),(85,85,85,'voluptatibus',837,NULL,'2016-07-29 01:30:38','1983-07-24 06:52:52'),(86,86,86,'soluta',91743324,NULL,'1976-09-08 18:00:59','2016-05-11 19:04:27'),(87,87,87,'incidunt',3457716,NULL,'1995-09-06 22:16:10','1974-12-27 20:44:42'),(88,88,88,'odit',87994,NULL,'1975-08-17 05:55:24','1986-07-23 07:56:03'),(89,89,89,'dolorem',2830855,NULL,'1995-12-22 17:12:11','2001-08-19 11:35:07'),(90,90,90,'quia',0,NULL,'2003-06-08 08:40:38','1977-11-23 08:44:37'),(91,91,91,'quidem',3310,NULL,'1995-07-23 16:37:23','1973-03-19 00:34:11'),(92,92,92,'iusto',8749,NULL,'2017-02-28 14:36:55','1972-06-27 22:56:09'),(93,93,93,'fugiat',739263,NULL,'2006-08-30 16:52:11','1987-03-20 17:16:49'),(94,94,94,'illo',39867,NULL,'1989-12-09 02:37:47','1979-05-22 11:12:45'),(95,95,95,'ab',1,NULL,'1997-09-18 12:42:36','2015-02-15 08:14:00'),(96,96,96,'consequuntur',877,NULL,'2017-11-26 06:45:42','2001-08-25 15:50:02'),(97,97,97,'voluptatem',87765,NULL,'1970-02-02 06:34:25','2000-09-26 16:22:22'),(98,98,98,'earum',555074,NULL,'2017-04-14 05:33:04','1995-10-26 17:38:26'),(99,99,99,'non',13172569,NULL,'2015-03-26 00:18:00','2001-06-18 03:01:46'),(100,100,100,'doloremque',1606937,NULL,'2006-03-26 17:36:18','2003-04-17 13:13:39');
/*!40000 ALTER TABLE `media` ENABLE KEYS */;
UNLOCK TABLES;

--
-- Table structure for table `media_types`
--

DROP TABLE IF EXISTS `media_types`;
/*!40101 SET @saved_cs_client     = @@character_set_client */;
/*!50503 SET character_set_client = utf8mb4 */;
CREATE TABLE `media_types` (
  `id` int unsigned NOT NULL AUTO_INCREMENT,
  `name` varchar(255) CHARACTER SET utf8 COLLATE utf8_unicode_ci NOT NULL,
  PRIMARY KEY (`id`),
  UNIQUE KEY `name` (`name`)
) ENGINE=InnoDB AUTO_INCREMENT=101 DEFAULT CHARSET=utf8 COLLATE=utf8_unicode_ci;
/*!40101 SET character_set_client = @saved_cs_client */;

--
-- Dumping data for table `media_types`
--

LOCK TABLES `media_types` WRITE;
/*!40000 ALTER TABLE `media_types` DISABLE KEYS */;
INSERT INTO `media_types` VALUES (42,'a'),(76,'accusantium'),(55,'ad'),(99,'adipisci'),(77,'animi'),(60,'assumenda'),(11,'aut'),(36,'autem'),(73,'commodi'),(4,'consectetur'),(64,'consequatur'),(14,'corporis'),(17,'corrupti'),(95,'culpa'),(37,'cum'),(78,'cupiditate'),(1,'debitis'),(27,'deleniti'),(2,'dignissimos'),(84,'distinctio'),(3,'dolor'),(69,'dolore'),(91,'dolorem'),(58,'dolores'),(63,'doloribus'),(44,'ducimus'),(45,'ea'),(39,'earum'),(28,'eius'),(59,'enim'),(40,'eos'),(43,'error'),(24,'esse'),(8,'est'),(15,'et'),(98,'ex'),(71,'excepturi'),(82,'expedita'),(20,'fuga'),(35,'fugiat'),(96,'harum'),(86,'id'),(13,'illum'),(56,'impedit'),(10,'ipsa'),(79,'iusto'),(93,'laboriosam'),(80,'laborum'),(53,'libero'),(26,'maxime'),(74,'minima'),(72,'molestiae'),(75,'mollitia'),(61,'nam'),(68,'natus'),(100,'necessitatibus'),(19,'neque'),(57,'nesciunt'),(65,'nobis'),(22,'non'),(90,'nostrum'),(38,'occaecati'),(29,'odit'),(51,'omnis'),(48,'perferendis'),(85,'perspiciatis'),(23,'placeat'),(30,'porro'),(41,'praesentium'),(81,'quae'),(49,'quam'),(16,'quas'),(54,'qui'),(34,'quia'),(87,'quibusdam'),(6,'quidem'),(50,'quis'),(18,'ratione'),(21,'reiciendis'),(33,'repellat'),(7,'repellendus'),(66,'repudiandae'),(12,'rerum'),(52,'sapiente'),(67,'sed'),(32,'sequi'),(97,'sit'),(62,'sunt'),(47,'suscipit'),(89,'temporibus'),(92,'ullam'),(94,'unde'),(88,'ut'),(9,'vel'),(46,'velit'),(25,'veritatis'),(5,'voluptate'),(70,'voluptatem'),(31,'voluptatibus'),(83,'voluptatum');
/*!40000 ALTER TABLE `media_types` ENABLE KEYS */;
UNLOCK TABLES;

--
-- Table structure for table `messages`
--

DROP TABLE IF EXISTS `messages`;
/*!40101 SET @saved_cs_client     = @@character_set_client */;
/*!50503 SET character_set_client = utf8mb4 */;
CREATE TABLE `messages` (
  `id` int unsigned NOT NULL AUTO_INCREMENT,
  `from_user_id` int unsigned NOT NULL,
  `to_user_id` int unsigned NOT NULL,
  `body` text CHARACTER SET utf8 COLLATE utf8_unicode_ci NOT NULL,
  `is_important` tinyint(1) DEFAULT NULL,
  `is_delivered` tinyint(1) DEFAULT NULL,
  `created_at` datetime DEFAULT CURRENT_TIMESTAMP,
  PRIMARY KEY (`id`)
) ENGINE=InnoDB AUTO_INCREMENT=101 DEFAULT CHARSET=utf8 COLLATE=utf8_unicode_ci;
/*!40101 SET character_set_client = @saved_cs_client */;

--
-- Dumping data for table `messages`
--

LOCK TABLES `messages` WRITE;
/*!40000 ALTER TABLE `messages` DISABLE KEYS */;
INSERT INTO `messages` VALUES (1,1,1,'Laboriosam deserunt voluptatum dolorem sed est libero sunt. Est facere nam quo rerum. Vel inventore iure magnam velit. Mollitia corrupti sed cum repellat at dolor quos.',1,1,'2008-07-05 03:15:22'),(2,2,2,'Cupiditate aut sapiente praesentium vel sunt eos id. Debitis sit est sunt tenetur. Numquam et repellat quia adipisci ipsam. Est nemo quis sed et.',0,1,'1987-03-30 09:12:54'),(3,3,3,'Numquam eos laborum sed reprehenderit. Eum velit quisquam nemo laboriosam consequatur ab. Illo perspiciatis expedita illum laudantium. Et qui vel ad quae. Libero vero odit labore esse.',1,1,'1986-06-06 03:24:56'),(4,4,4,'Beatae quae cum ratione eos at quae. Suscipit est eum nobis quia dolor. Et a assumenda necessitatibus architecto cumque. Cumque sint nostrum mollitia aut corporis pariatur.',0,0,'1994-09-23 00:27:56'),(5,5,5,'Laudantium sint corporis id provident molestiae ex eum. Fugit odio ut et minima ullam ratione impedit. Beatae provident iste eos molestiae.',0,1,'1991-07-01 07:16:35'),(6,6,6,'Dolores provident est corporis sunt itaque. Quae eum iure eum quisquam officiis nam harum. Consequatur distinctio assumenda est. Veritatis natus eveniet vel optio autem et voluptatem voluptatibus.',0,1,'1989-08-24 12:07:17'),(7,7,7,'Nemo modi dolorum molestiae sed perferendis corrupti tempore. Id voluptate dolores quia est. Saepe est ut culpa minima illo recusandae praesentium.',0,1,'1977-12-05 03:25:45'),(8,8,8,'Dignissimos unde quo rem. Qui quam alias molestiae ab tempora. Sequi nostrum rerum accusamus incidunt earum unde dolores et.',1,1,'1989-09-09 00:26:01'),(9,9,9,'Nulla impedit facilis aliquam explicabo voluptatibus rerum atque ullam. Aliquam hic nam occaecati fugit.',0,0,'2012-06-21 03:00:30'),(10,10,10,'Harum enim occaecati asperiores sit explicabo. Id est molestias ea alias nihil corporis quisquam. Quasi rerum dolorum ut. Et laudantium voluptatum culpa iure necessitatibus non fugiat.',1,0,'2018-08-02 04:35:45'),(11,11,11,'Ipsum repudiandae accusantium et. Eos amet voluptatem qui ut maiores numquam. Ut rerum at quae culpa. Sit unde ut eos dolores et aut et.',1,0,'1997-02-07 09:22:58'),(12,12,12,'Et iste corporis inventore ab quis neque quaerat. Expedita doloremque quibusdam autem consequatur. Harum voluptatibus repellat suscipit quisquam distinctio.',1,1,'1989-09-17 14:22:17'),(13,13,13,'Sit iste quo deserunt qui. Labore quos in sit consequatur et. Autem qui natus eos amet et. In explicabo id temporibus debitis.',1,1,'2008-07-27 02:06:15'),(14,14,14,'Maxime culpa et occaecati temporibus quasi. Id aut et est pariatur repellendus rerum natus corrupti. A minima exercitationem qui reiciendis recusandae qui unde. Saepe voluptatibus quis nihil vel recusandae eveniet laborum.',0,1,'1980-01-14 08:41:04'),(15,15,15,'Quos officia aliquid reprehenderit dicta laboriosam. Ut nihil dolorum sed dicta molestiae. Occaecati perspiciatis culpa nostrum non voluptatibus. Et maiores repudiandae officiis.',0,1,'1999-06-17 16:32:36'),(16,16,16,'Facilis sint quis qui ut autem aut optio. Ea facilis temporibus sed. Qui saepe quaerat qui id non sit quos. Quia atque quaerat omnis similique nobis voluptas sit.',0,0,'1992-02-15 19:59:54'),(17,17,17,'Commodi nisi eum ut similique aliquam. Velit sint nulla qui ipsum sint similique.',0,0,'1971-03-13 13:29:37'),(18,18,18,'Sed culpa et sed ullam aut qui laborum. Consequatur id rem atque voluptatem quis vel quam. Eum laudantium assumenda ducimus optio eos. Repudiandae deleniti excepturi et molestiae.',0,0,'1970-10-01 00:56:24'),(19,19,19,'Non occaecati vitae vel necessitatibus rerum ipsa error ut. Minus quasi nobis eaque dolor omnis. Ad quibusdam repellat sit odit laborum eligendi rerum.',0,1,'1983-11-27 23:57:31'),(20,20,20,'Laborum possimus minima vel. Et consequuntur dolore mollitia molestiae nihil quis. Eum aut magnam vero accusamus corporis. Quam ratione nam voluptatibus aliquam.',0,1,'1980-06-12 10:46:18'),(21,21,21,'Architecto et beatae aperiam sed. Voluptate corrupti id vero et porro ut. Nesciunt omnis est cum ipsum ipsam eum. Et distinctio doloremque quaerat sint.',0,1,'2002-07-14 14:24:11'),(22,22,22,'Sunt qui modi aut suscipit non hic. Quae voluptas culpa illo id eum. Voluptas nihil minus corporis et et dolorem. Sed veritatis cum ea amet placeat omnis. Explicabo iusto exercitationem iusto magnam dolore.',1,0,'1983-11-26 00:54:39'),(23,23,23,'Voluptates et repudiandae ut repudiandae. Repellat ea odit est qui culpa distinctio nesciunt. Et ducimus eos ab consequatur reiciendis odit tempore.',1,0,'1971-01-21 21:01:51'),(24,24,24,'Non commodi quis eum voluptatibus voluptatem voluptas dicta est. Autem illum neque dolore tempore ea. Placeat voluptatem porro voluptatem occaecati.',0,0,'1985-11-27 06:44:19'),(25,25,25,'Qui earum sapiente excepturi dolor voluptatum vel. Et nobis ut eaque quasi deleniti voluptatum. Quia ea ipsa ipsum at reprehenderit blanditiis expedita.',1,0,'1982-05-21 05:44:36'),(26,26,26,'Nihil dignissimos temporibus est facilis dolorum odit magnam molestias. Et omnis optio facilis nihil nesciunt voluptatem molestias. Porro sint esse dicta in provident architecto. Dolorum eligendi hic adipisci fugiat quam non sequi.',1,1,'2009-03-11 07:02:00'),(27,27,27,'Adipisci cum ex voluptatem sit et aliquam. Nihil dolores libero dolores id est. Voluptate maiores fuga voluptatem dolor magnam nihil ut.',0,1,'2003-01-23 02:21:27'),(28,28,28,'Hic mollitia assumenda doloribus aut ut aspernatur. Dolor ullam commodi amet quas animi odio rem. Quos ratione nostrum alias reprehenderit veniam nemo eum molestias. Repellendus omnis incidunt eum non ut eveniet quis est.',1,0,'2004-04-02 20:04:57'),(29,29,29,'Debitis et fuga beatae ut. Est modi et ut enim natus. Natus quis natus qui delectus consequatur numquam est.',1,1,'1983-01-30 15:26:22'),(30,30,30,'Aut harum enim quam nobis magnam. Consectetur nulla modi dolorum explicabo ut. Quis odit ea aperiam officia ipsum optio qui. Atque inventore ut quam odio eum architecto quos.',0,1,'1999-02-20 21:31:31'),(31,31,31,'Qui velit quia consequatur sunt. Et et placeat ipsum. Mollitia sequi vero accusamus dolorem.',0,0,'1985-12-26 01:44:48'),(32,32,32,'Temporibus est numquam neque. Quaerat tempore et nihil a ab hic. Eveniet quidem ut occaecati quo facilis quia ut. Magni quasi dolores enim voluptatibus nobis est.',1,1,'2007-03-02 10:26:07'),(33,33,33,'Autem nostrum et dolor eum in. Consequatur cupiditate rerum at nihil. Odio sed aperiam cumque autem ut. Est sunt voluptas dolorum vel. Impedit mollitia voluptatibus aperiam velit enim accusantium eaque.',0,0,'2007-11-11 03:51:53'),(34,34,34,'Et aut harum inventore quo repudiandae velit fuga. Iure dolore et mollitia vero. Ipsa corporis et illo sapiente praesentium voluptate. Fugit non ullam numquam maxime et qui ducimus quam.',0,0,'2001-06-18 18:52:30'),(35,35,35,'Ad et omnis quaerat aliquid mollitia eligendi. Eum hic et aut ea et fuga et eum. Eveniet laudantium velit eius similique qui sed cupiditate.',1,1,'1978-08-30 03:27:05'),(36,36,36,'Consequatur ratione quis quis dignissimos autem dolor. Id expedita rerum cupiditate molestias velit qui quia quaerat.',0,1,'2018-09-11 14:43:25'),(37,37,37,'Enim suscipit odit architecto magnam ut quia porro. Molestias facilis ex voluptates omnis voluptatem et. Voluptatem voluptas deserunt optio ratione quaerat sunt repellendus temporibus.',1,0,'1995-07-13 17:51:31'),(38,38,38,'Dicta iusto tempora temporibus eveniet ab. Quia adipisci sapiente et autem amet aut. Blanditiis commodi corporis vero qui enim quia dolorum magni. Tenetur expedita sunt reprehenderit enim ullam et.',1,0,'1996-07-27 23:59:32'),(39,39,39,'Voluptatem aperiam nostrum dolor aut consequatur a et. Ipsa eaque et officiis quam earum et quaerat. Quo nobis assumenda laboriosam nihil iusto et iste.',1,0,'1978-01-12 21:00:11'),(40,40,40,'Voluptatibus cum fugit aperiam tempore unde accusantium. Provident modi sapiente magni est illo. Eaque facere tempora omnis blanditiis et et tempora. Quasi iure officia delectus ipsam et eligendi.',1,0,'2005-04-20 22:25:56'),(41,41,41,'Dolores repellat in illo qui illum. Et quam saepe sapiente quo quisquam. Nihil non explicabo voluptas neque.',1,1,'1980-07-09 02:17:27'),(42,42,42,'Suscipit ut tempora dolorem qui tempora ut mollitia quo. Quod eum et repellendus illo aut praesentium molestiae. Impedit ea dolor facilis. Totam placeat ut et ab aliquam.',0,1,'2011-07-02 14:57:02'),(43,43,43,'Blanditiis cupiditate qui earum molestiae id cum. Quia explicabo soluta officia perferendis beatae quaerat ratione quo. Quae ipsa quia nam. Odio unde vero consequuntur adipisci et molestias.',0,0,'1998-07-18 01:22:47'),(44,44,44,'Rem qui aspernatur est voluptatum porro doloremque dolor. Et eum distinctio id et. Incidunt nam tempore laborum facilis. Quibusdam sed aliquam quas earum.',0,0,'2004-04-17 18:07:37'),(45,45,45,'Et illum et atque veritatis quod. Eaque qui ut harum possimus molestias laborum harum.',1,1,'2004-04-22 08:30:21'),(46,46,46,'Aut ut voluptate asperiores sint nam corrupti. Inventore molestias voluptatibus minima rerum earum est. Odit maiores consequatur repudiandae numquam voluptatibus a. Hic sit ea sapiente delectus similique odio est.',1,1,'1981-02-12 00:02:27'),(47,47,47,'Ratione ipsa in in illo et eum. Quos reiciendis sed beatae aut et aut. Quae aut nam harum explicabo aut id id. Minus voluptatem excepturi doloribus facilis.',1,1,'2009-11-17 13:07:57'),(48,48,48,'Molestiae veritatis nihil inventore delectus ad architecto iure et. Tempore et ab beatae ipsa sit. Consequatur est eos ipsam omnis doloribus est eius. Dolores veritatis est sunt qui voluptatem rerum.',0,0,'2018-01-03 01:09:00'),(49,49,49,'Est aut vero debitis iste alias. Aut quisquam sit minima illo numquam architecto. Sed dolore distinctio nobis odio et. Explicabo veniam quasi tempora beatae qui nostrum quia.',0,0,'1979-01-03 17:05:51'),(50,50,50,'A minima velit aut. Tempore eligendi provident ab aut. Non rerum laudantium est autem facere. Quaerat animi quibusdam aliquam modi.',1,0,'2011-01-18 03:16:28'),(51,51,51,'Eius quia aliquam rem soluta sed nostrum. Sunt earum placeat rerum alias est. Provident eligendi modi animi repudiandae ut. Quam distinctio et suscipit nostrum.',0,0,'2004-01-02 22:34:09'),(52,52,52,'Qui praesentium tempore similique voluptates. Quia corporis exercitationem qui inventore. Tempora dolorem laudantium odio doloribus odit dolorem voluptatum amet.',1,1,'1980-04-20 03:23:17'),(53,53,53,'Necessitatibus eum sint voluptatem ab earum architecto ratione. Omnis placeat quasi nisi enim doloribus aut.',1,0,'1971-12-21 06:16:21'),(54,54,54,'Ut rerum officiis deserunt similique doloribus blanditiis ratione. Dolorem at aut consequatur ut reprehenderit. Debitis libero voluptatem exercitationem sequi.',0,1,'2011-03-06 19:05:38'),(55,55,55,'Qui tempora esse impedit. Iure quam omnis ut consequatur illum. Sapiente et accusamus fuga repellendus sed. Ut consequuntur aut doloremque quaerat ad iste. Reiciendis dolores facilis quia natus quisquam.',0,0,'1984-03-23 09:59:46'),(56,56,56,'Quia culpa modi et veniam ipsum id est sint. Porro rem ut ea. Odit occaecati nihil suscipit voluptas molestias consequatur cumque. Iste dolorem dolores quo mollitia ut. Sunt commodi optio asperiores aliquam.',1,0,'2002-02-04 11:05:05'),(57,57,57,'Enim hic facere omnis reiciendis eum quis. Iure et voluptatibus expedita quae assumenda. Praesentium culpa quaerat quae porro. Quis et facere impedit ab est aut facere.',0,0,'1983-01-29 06:48:33'),(58,58,58,'Saepe occaecati dignissimos repudiandae sint ut perspiciatis animi. Qui magni fugit nesciunt soluta nulla. Explicabo eos asperiores maxime laboriosam fugiat vero. Sapiente ducimus labore odio rerum.',1,0,'1997-05-01 14:10:35'),(59,59,59,'Assumenda dolores nemo in nostrum. Molestias eaque rerum quia aut ipsum veritatis autem. Asperiores dignissimos sed consequatur itaque eos neque. Est sed ut est qui odio voluptatem.',0,1,'2012-01-22 17:00:36'),(60,60,60,'Adipisci enim eaque vero sint voluptas illum modi. Beatae sequi rerum et est est dicta voluptas. Quis aliquid voluptate provident.',0,0,'1988-07-31 14:00:50'),(61,61,61,'Eligendi qui doloribus voluptas eos. Aut sit recusandae ducimus veniam. Illum voluptatem sint repellendus cumque molestiae sed quibusdam. Quia est consequatur dolorem voluptas.',0,1,'1994-10-16 02:22:48'),(62,62,62,'Nam voluptatem magni magni et fugiat atque sequi. Est occaecati animi mollitia eos quo. Fuga ratione expedita eligendi a. Est quo magni qui in maxime et quia molestias.',0,1,'1977-08-21 23:01:10'),(63,63,63,'Adipisci officiis officia sed praesentium. Illum iure rerum debitis provident. Harum quo porro rerum voluptatem aut autem quis.',1,0,'1984-05-06 05:14:46'),(64,64,64,'Eveniet et nihil aliquam atque ratione excepturi exercitationem rerum. Velit maxime non et sed incidunt exercitationem et fugit. Eius ab aut rerum sequi.',1,0,'1998-08-06 11:45:01'),(65,65,65,'Commodi similique dolores sunt provident in porro esse beatae. Aut sed praesentium numquam perspiciatis dolore. Dolor in suscipit culpa est illo officiis aut. Eius illo repellendus expedita molestiae cumque. Ducimus eius non et.',0,0,'1976-12-01 11:02:30'),(66,66,66,'Et vitae a sed rem molestias iusto at. Vel ut deleniti beatae aut ab non saepe sit. Quia saepe quisquam velit maxime quia. Consequuntur temporibus libero aliquid id.',0,0,'1989-01-14 07:35:57'),(67,67,67,'Aut neque enim voluptas explicabo corporis voluptatum. Alias dolor aut facilis ipsum. Corporis consequatur fugiat ut voluptatibus ab quia.',1,0,'2018-04-02 18:00:59'),(68,68,68,'Et maiores molestias et laboriosam corporis. Id placeat consequatur voluptatem reprehenderit. Eligendi quaerat nisi unde sunt ea. Commodi similique autem quis.',1,1,'1980-09-16 04:34:00'),(69,69,69,'Debitis occaecati hic nobis dolorum voluptatum. At et voluptatum rerum vel doloremque vitae earum est. Ipsam adipisci minima facilis esse voluptatem eum. Praesentium deleniti fugit dolorem sunt eos. Velit quos aliquam hic unde.',1,1,'2014-09-08 21:40:04'),(70,70,70,'Quis natus autem mollitia quo odio est et. Aut adipisci omnis accusamus repellendus sed optio. Est qui dolorem quo velit repudiandae.',0,1,'2007-08-23 05:46:40'),(71,71,71,'Repellat quae sunt voluptatibus. Dolor id sint totam quia rerum. Dolores error distinctio facere natus. Molestiae facere velit repellendus vitae ut.',0,0,'1987-06-22 18:10:01'),(72,72,72,'Fugit qui vero quia explicabo dolor. Aliquid est nam ullam tempore autem odit. Architecto quia optio quo aspernatur qui. Eos sed quis neque eius sint ut cum temporibus.',0,0,'2013-11-13 06:51:53'),(73,73,73,'Dicta aut commodi doloribus dolor. Aut amet dicta optio enim optio saepe corrupti. Sit ut vel autem impedit et sapiente.',1,0,'2006-08-13 02:48:28'),(74,74,74,'Et et blanditiis nobis illum illum fuga non. Et id ex voluptatum facere similique laboriosam. Officiis dicta est laboriosam necessitatibus nihil quas. Ut fugit placeat nam sed maxime.',1,0,'1994-01-07 06:30:49'),(75,75,75,'Assumenda est sed dolore aut illo enim. Cupiditate voluptatibus dolore occaecati voluptatem quis voluptatibus. Numquam ipsam qui aut qui labore. Impedit quidem quo et molestias occaecati molestiae.',1,0,'2013-05-03 22:18:50'),(76,76,76,'Sint nisi temporibus quas incidunt quod esse. Reprehenderit laudantium enim quia rerum ut ad. Sint voluptatem quas qui. Est omnis et eum.',0,0,'2009-01-20 19:45:50'),(77,77,77,'Vero unde quibusdam consectetur sit et ad. Molestias recusandae quia vel molestiae nobis aut. Nemo unde omnis consequatur ut illo et perspiciatis. Laboriosam quo iusto et deserunt modi consequatur.',1,0,'1999-06-18 07:36:18'),(78,78,78,'Esse aut sequi a nulla eligendi. Aliquam autem vel harum enim aut consequatur quod nemo. Temporibus voluptatum in placeat voluptatem rerum.',1,1,'1980-03-31 04:11:52'),(79,79,79,'Qui eligendi impedit dolorum sunt. Vitae nulla qui ea dolorem alias voluptas eaque harum. Facilis aut eum enim quam est. Id fuga reiciendis unde dignissimos rerum ea.',1,1,'1991-10-22 20:27:17'),(80,80,80,'Laboriosam fugiat nulla velit sunt repellat id. Veritatis unde aut rem. Ullam est et qui ad quia. Aut nisi cumque at odit.',0,0,'1998-02-20 19:12:55'),(81,81,81,'Quisquam repellat tempore ut quibusdam eum et ea. Aperiam non sint enim eum quidem blanditiis et. Similique tempore aut facere nesciunt. Sequi accusantium alias aliquid consequatur consequatur quidem. Aut alias cupiditate est quas sit.',0,1,'2018-11-07 11:44:37'),(82,82,82,'Aliquid tempora unde quis cupiditate. Sint aut totam cum voluptate natus repellat. Ex sint aut quaerat qui optio veritatis debitis.',0,0,'2016-03-04 23:26:23'),(83,83,83,'Provident doloremque dolore repellat in rerum. Et tempore quia quaerat quis. Alias id quasi est.',1,1,'1985-11-23 18:49:19'),(84,84,84,'Doloribus reiciendis modi deleniti similique. Et placeat minima officia alias. Odit in laboriosam sequi rem reiciendis. Voluptas enim blanditiis nulla dolorem corporis veniam.',1,0,'1993-05-14 16:18:01'),(85,85,85,'Est rerum ea tempora optio. Voluptatem veritatis est ipsam sed quod ea dolores. Velit consequatur officiis odit tempore voluptas qui aut.',1,1,'1993-10-27 19:55:15'),(86,86,86,'Omnis voluptas magni quidem. Facere porro reprehenderit eos vel. Voluptatem voluptas corrupti maiores sed quia optio porro.',1,1,'1975-07-14 13:09:00'),(87,87,87,'Doloribus sit blanditiis accusantium accusantium. Facere autem itaque asperiores quos veniam. Quod eveniet veniam rem voluptatem nemo in nisi. Omnis veniam dolorum ipsa ut natus provident nihil.',1,1,'1973-09-29 13:41:39'),(88,88,88,'Repellendus enim vitae recusandae illo deserunt. Dolore in natus dolore in aut. Dolor libero ex autem quam quaerat.',0,1,'1971-08-27 07:01:28'),(89,89,89,'Impedit rerum nihil quidem rem dolore odio ipsa iusto. Ea atque dignissimos qui maxime non qui. Iste maiores ut qui magnam et. Delectus nemo facere incidunt at qui.',0,0,'1998-08-25 01:17:33'),(90,90,90,'Possimus rem ut voluptatem voluptas sunt ipsa explicabo consequatur. Perspiciatis ab consectetur explicabo nam et. Nihil recusandae voluptatum facilis et deleniti soluta et. Et placeat id necessitatibus laborum enim dolor omnis.',0,1,'2012-06-16 22:13:48'),(91,91,91,'Perferendis enim quaerat id officia nihil quo. Non est facilis commodi explicabo. Ipsa aut ex magni delectus.',1,0,'2016-09-17 13:23:36'),(92,92,92,'Laboriosam quia quisquam eum beatae nisi. Cupiditate voluptas odit et ducimus et qui. Perspiciatis quod est sequi amet qui sit. Vero veniam nobis quia cumque et. Amet labore sit accusamus repellat sit hic eum quia.',0,1,'1975-09-26 11:44:19'),(93,93,93,'Voluptates ea et sed explicabo vero dolorem. At autem eos in. Quibusdam amet enim ipsam quaerat et omnis facilis. Sint qui incidunt ex nihil ut est et.',0,0,'2008-03-13 18:07:27'),(94,94,94,'Harum omnis cupiditate atque eum. Ut non quas optio accusantium inventore. Velit adipisci repellendus dolor dolorem.',0,1,'2016-07-21 05:28:04'),(95,95,95,'Minima quasi velit eum quia quia ut pariatur. Aut tempore velit recusandae quae sed voluptas. Commodi optio impedit qui excepturi laudantium.',1,1,'1975-08-21 18:37:59'),(96,96,96,'Mollitia doloremque aut distinctio ea culpa. Accusantium dolores nihil et vel. Reprehenderit labore dolores aut ea aut.',0,0,'2004-02-01 04:32:55'),(97,97,97,'Rerum excepturi soluta quaerat. Impedit optio occaecati voluptatem at provident et eius corporis. Qui enim eaque sint culpa non ullam necessitatibus id. Est magnam rerum quibusdam magni maxime.',1,1,'2013-09-11 05:14:19'),(98,98,98,'Fugiat ut delectus ullam aspernatur. Sed accusamus esse quidem est voluptates est dicta. Ea commodi omnis in aut distinctio qui doloremque.',1,0,'2018-09-20 22:00:11'),(99,99,99,'Et at fuga architecto et excepturi error est. Eveniet atque cupiditate nihil id. Blanditiis ea molestiae eum sit animi eius voluptatem. Illum illum voluptatem repudiandae non rerum maxime.',0,1,'1980-04-18 05:24:38'),(100,100,100,'Maiores expedita nostrum enim dolores. Officia delectus consequatur sunt aut in non. Saepe vitae saepe impedit voluptate sit. Beatae rerum atque omnis quae libero.',0,1,'1976-12-27 20:30:02');
/*!40000 ALTER TABLE `messages` ENABLE KEYS */;
UNLOCK TABLES;

--
-- Table structure for table `profiles`
--

DROP TABLE IF EXISTS `profiles`;
/*!40101 SET @saved_cs_client     = @@character_set_client */;
/*!50503 SET character_set_client = utf8mb4 */;
CREATE TABLE `profiles` (
  `birthdate` date DEFAULT NULL,
  `sex` char(1) NOT NULL,
  `hometown` varchar(100) DEFAULT NULL,
  `country` varchar(100) DEFAULT NULL,
  `photo_id` int unsigned DEFAULT NULL,
  `created_at` datetime DEFAULT CURRENT_TIMESTAMP,
  `updated_at` datetime DEFAULT CURRENT_TIMESTAMP ON UPDATE CURRENT_TIMESTAMP
) ENGINE=InnoDB DEFAULT CHARSET=utf8mb4 COLLATE=utf8mb4_0900_ai_ci;
/*!40101 SET character_set_client = @saved_cs_client */;

--
-- Dumping data for table `profiles`
--

LOCK TABLES `profiles` WRITE;
/*!40000 ALTER TABLE `profiles` DISABLE KEYS */;
/*!40000 ALTER TABLE `profiles` ENABLE KEYS */;
UNLOCK TABLES;

--
-- Table structure for table `users`
--

DROP TABLE IF EXISTS `users`;
/*!40101 SET @saved_cs_client     = @@character_set_client */;
/*!50503 SET character_set_client = utf8mb4 */;
CREATE TABLE `users` (
  `id` int unsigned NOT NULL AUTO_INCREMENT,
  `first_name` varchar(100) CHARACTER SET utf8 COLLATE utf8_unicode_ci NOT NULL,
  `last_name` varchar(100) CHARACTER SET utf8 COLLATE utf8_unicode_ci NOT NULL,
  `email` varchar(120) CHARACTER SET utf8 COLLATE utf8_unicode_ci NOT NULL,
  `phone` varchar(15) CHARACTER SET utf8 COLLATE utf8_unicode_ci NOT NULL,
  `password` varchar(15) CHARACTER SET utf8 COLLATE utf8_unicode_ci DEFAULT NULL,
  `created_at` datetime DEFAULT CURRENT_TIMESTAMP,
  `updated_at` datetime DEFAULT CURRENT_TIMESTAMP ON UPDATE CURRENT_TIMESTAMP,
  PRIMARY KEY (`id`),
  UNIQUE KEY `email` (`email`),
  UNIQUE KEY `phone` (`phone`)
) ENGINE=InnoDB AUTO_INCREMENT=101 DEFAULT CHARSET=utf8 COLLATE=utf8_unicode_ci;
/*!40101 SET character_set_client = @saved_cs_client */;

--
-- Dumping data for table `users`
--

LOCK TABLES `users` WRITE;
/*!40000 ALTER TABLE `users` DISABLE KEYS */;
INSERT INTO `users` VALUES (1,'Reymundo','Volkman','braxton30@example.net','699-868-5187','c1367cd959a8e33','1973-07-12 11:25:30','1994-11-08 20:01:32'),(2,'Emmalee','Rodriguez','dietrich.crawford@example.org','+56(8)231827688','c9670388394390b','1989-06-13 19:08:36','1981-04-16 09:14:19'),(3,'Thaddeus','Powlowski','maddison49@example.org','1-016-362-9088','2e20153a9c8d6ff','1988-06-18 05:38:59','1987-10-02 00:38:25'),(4,'Jose','Swift','vhamill@example.org','07408890335','1b324e0f5e0fabe','1985-08-28 19:48:14','2002-08-30 01:00:21'),(5,'Damion','Hodkiewicz','jhudson@example.net','744.428.8890x12','3fd7f440c2fe497','1976-07-30 12:41:20','2001-01-10 18:46:18'),(6,'Leo','Towne','andy56@example.org','00689836846','8f8f43eeac7c65f','1994-12-21 18:19:22','1999-06-12 08:30:15'),(7,'Ottis','Friesen','mwaters@example.net','(994)216-3209x7','ad8897b4eff53fb','2013-08-12 02:27:59','2019-07-11 11:13:06'),(8,'Vena','Schamberger','willy.shanahan@example.org','664-886-7689x32','19c8f158c76517f','1977-04-08 06:31:12','1994-02-25 11:45:27'),(9,'Verner','O\'Keefe','xmitchell@example.net','1-802-984-0877x','619e08098cab6d7','2000-12-21 18:00:08','2001-08-09 01:03:27'),(10,'Alize','Bruen','octavia56@example.org','(540)989-0246x0','ef55f2d940ddff1','1986-11-02 06:22:28','1972-08-04 23:30:24'),(11,'Quentin','Casper','susie95@example.net','037.062.8382','90e4371d7d2b471','1981-11-08 04:21:28','2015-09-25 11:11:53'),(12,'Norberto','Murphy','madge.blick@example.org','577.804.8870','ac8209cdbbeb566','1981-03-31 04:27:14','1994-07-29 10:36:40'),(13,'Evie','Rodriguez','romaguera.lukas@example.org','1-857-433-4275x','e42dc4a2336b19c','2000-11-08 11:35:35','1988-07-31 15:40:11'),(14,'Vernie','Towne','schoen.oliver@example.net','1-892-577-3430','4aeffafaf13525a','1997-12-16 11:18:42','1976-04-19 05:58:37'),(15,'Gabriel','D\'Amore','alanis44@example.com','(632)257-6651','3d68f24dc51ecaa','2007-04-07 07:27:52','1973-02-16 13:44:11'),(16,'Brooks','Russel','ibrahim.connelly@example.org','781-873-8778','593461d550ac04b','1973-01-09 02:32:03','1984-09-07 22:05:10'),(17,'Amy','Hodkiewicz','annetta.berge@example.com','111.162.9345','320e83d507d77ba','1979-10-06 04:22:48','1974-01-10 11:22:07'),(18,'Greg','Jerde','lang.lavada@example.com','(313)028-3424x2','ce7b58de7648012','1989-08-29 04:08:55','2013-09-14 01:50:10'),(19,'Muriel','Rosenbaum','agustin50@example.com','302.702.3268','fef8b2e73b6f851','2009-04-01 19:33:47','1981-05-20 19:53:39'),(20,'Jeromy','Crona','qkassulke@example.org','181-970-2024x48','382d8300b5f1f6a','1989-05-31 02:11:19','2003-02-04 01:56:43'),(21,'Tiana','Wisoky','mann.wilfrid@example.net','057-926-3464','5180758f00a47d9','1987-03-13 19:47:44','1992-01-28 03:54:24'),(22,'Erwin','Gutmann','cschimmel@example.com','1-655-607-1536','67a49a4f5ab813b','1974-04-07 01:22:24','2013-08-07 13:23:38'),(23,'Kole','Hahn','gmurazik@example.org','03689606102','9a1558a92588448','1981-10-18 03:01:54','2015-01-30 02:41:18'),(24,'Colin','Lowe','mcrooks@example.org','1-006-278-9054x','c76b01e43f3deeb','1986-10-01 08:37:27','2008-05-27 13:50:31'),(25,'Syble','Rice','connor.nader@example.net','864-898-9607','0d8d6d306c5e3db','1987-10-26 14:45:43','2000-10-19 15:45:15'),(26,'Aida','Bartell','demarcus30@example.net','1-439-247-0978','4f9933dfff4bbb6','2000-02-28 10:15:28','2017-10-11 18:02:04'),(27,'Judd','Bahringer','kale39@example.org','675-836-1834x44','61c2d2d556258fc','2015-06-10 22:31:06','1982-03-28 03:42:04'),(28,'Armando','Gutmann','ohuels@example.org','09180464633','67f6be785daa428','1983-03-02 18:11:00','1981-07-15 02:51:59'),(29,'Brooklyn','Welch','concepcion07@example.org','1-123-953-1625x','fc31055a06c8e59','2002-04-09 21:31:31','2016-02-12 13:40:13'),(30,'Florencio','Shields','linda.schmeler@example.com','(861)702-8781x0','d24b1809e39a5d5','2005-11-10 06:20:04','2010-07-24 08:32:26'),(31,'Willy','Breitenberg','joshuah07@example.org','013.773.1281','bc6fff3888b6053','2015-05-10 21:46:11','1985-04-06 23:22:55'),(32,'Evie','Dickens','mathew.hintz@example.org','(538)850-9445','70ad821fcc75f7e','2004-05-24 04:30:31','2019-05-01 04:43:39'),(33,'Deven','Hayes','ischroeder@example.org','(177)292-6101','edd76a5a10d03c5','2004-07-18 10:26:07','1982-10-07 01:38:59'),(34,'Irma','Ruecker','wmorissette@example.org','+30(4)504440053','96da3c275ace95c','2009-09-18 04:17:44','1993-12-15 12:00:07'),(35,'Evelyn','Lubowitz','harber.felipa@example.net','805.328.9631x47','d6b2db834d44128','1987-07-27 06:03:23','1973-12-27 23:34:52'),(36,'Sonia','Mosciski','marisol06@example.com','615-154-4859x00','a9406995e93cd4d','1995-05-16 08:06:45','1997-02-13 10:19:45'),(37,'Rachelle','Ratke','reece00@example.net','411.595.7830','487dfa2ec189f22','1999-01-24 10:17:53','1994-01-18 18:08:04'),(38,'Mireille','Pfannerstill','aratke@example.net','337-041-2250x85','78d4ffbc412a19e','1979-01-24 20:35:00','1972-12-10 09:55:00'),(39,'Jeromy','Cremin','helene.hartmann@example.net','087.031.4454','62bfb8df33c3d8d','1978-10-31 16:20:40','1999-09-24 22:55:50'),(40,'Mozell','VonRueden','douglas.anita@example.com','1-746-538-7000x','9d13153612532c9','1971-02-16 23:18:37','1998-09-08 13:40:20'),(41,'Ramona','Ebert','walker.michaela@example.com','769-939-5509x52','a88de34d50b8021','2018-08-05 02:29:16','2006-05-15 07:20:59'),(42,'Guiseppe','Bartoletti','qritchie@example.net','531.517.7282x32','6230e19a219bd24','2018-02-14 19:13:48','2014-04-30 12:20:02'),(43,'Alda','Ernser','christiana95@example.net','425.687.1695','f5e60ee6073d884','1977-06-08 16:00:49','1977-10-29 18:55:15'),(44,'Madison','Shields','fkris@example.com','1-557-896-4585x','0f43e2bf65d7836','1973-01-17 23:33:49','1972-04-03 19:34:52'),(45,'Elyssa','Eichmann','iconroy@example.net','(367)556-8151','b00cdbab0417304','1980-01-03 19:31:24','1997-03-13 08:27:43'),(46,'Alexandrea','Kessler','conroy.joey@example.com','006-476-9704','a27285310dc0971','1982-02-03 23:22:02','1972-02-16 09:26:31'),(47,'Aaliyah','Pagac','karelle.wiegand@example.com','161.989.7368','7df45446ba36867','2016-03-05 10:45:32','1973-06-18 21:13:28'),(48,'Sonya','O\'Reilly','hadley.veum@example.org','+46(8)627990303','489f116a29dc4ef','2009-07-04 10:23:46','2001-07-11 14:50:54'),(49,'Matt','Simonis','bfadel@example.net','036.142.3287x75','9b2782ec82743f5','2014-07-26 11:33:13','1991-08-18 15:07:56'),(50,'Merl','Quitzon','leatha23@example.org','(522)960-1891x7','db829cd6a2a5a1b','1977-09-08 11:38:28','2011-07-25 15:26:21'),(51,'Nicolette','Ondricka','josiah28@example.net','1-408-667-5024x','cb36f143bf62b0c','1986-10-28 18:19:47','1975-09-09 02:36:41'),(52,'Abbigail','Lang','corkery.laury@example.net','(761)010-9247x5','a1c26eac68d4a95','2000-04-09 12:38:59','2007-08-17 09:47:00'),(53,'Fay','Runolfsson','destany.koch@example.com','(865)486-6229x5','1acfb19713527c0','1995-12-29 12:28:37','1981-03-26 17:55:47'),(54,'Angie','Harvey','kmcclure@example.net','280.539.7189','3a55fa84d49239e','1980-08-09 13:22:24','1995-11-23 10:19:14'),(55,'Jerry','Hoppe','geovanni20@example.org','1-259-631-4817x','67f728b8addff81','1980-04-28 06:32:54','2015-08-31 14:28:43'),(56,'Vena','Bruen','legros.furman@example.org','262.087.7724','680eacf3d7e804a','2006-01-18 02:59:19','1972-01-13 14:25:12'),(57,'Russell','Howell','karson.strosin@example.net','143-165-0339x06','51df89953a09227','2009-01-18 20:43:15','2013-03-23 02:29:03'),(58,'Deonte','Rempel','fbrown@example.org','(990)188-8171','343081e69688e63','1974-04-24 05:35:59','1987-09-09 09:43:10'),(59,'Tanya','Bins','rhianna05@example.org','(218)910-4247','89a6a8e35b809b5','2002-03-23 04:11:48','2010-07-10 05:56:59'),(60,'Rosemarie','Kessler','alessia.pagac@example.net','167-569-3327x28','4d962463521d87b','1985-01-04 15:11:19','2006-01-28 19:40:48'),(61,'Dante','O\'Keefe','kaci.brekke@example.net','06194910967','df49b16aedc19d1','2009-06-13 18:12:42','2016-05-15 12:13:17'),(62,'Hertha','Collier','juanita.hermann@example.com','1-903-290-7190x','20811a2ce5caced','1975-07-25 23:11:50','1988-09-11 16:49:33'),(63,'Kattie','Gerlach','fberge@example.com','891-323-8865x59','a42432cda6985a4','1997-01-22 08:53:27','1981-10-27 01:50:44'),(64,'Vicky','Ferry','felipa.balistreri@example.org','03674834049','655549f86438741','2008-07-26 12:39:18','2004-12-20 01:21:35'),(65,'Jacques','Labadie','phyllis21@example.org','(556)442-7165','e5791607325ec5b','1983-09-27 13:42:06','2002-12-30 14:08:23'),(66,'Loyce','Bechtelar','kellen58@example.com','556-548-0150','6f3f66e60643af4','1983-03-30 03:52:41','1983-10-30 18:35:56'),(67,'Dewitt','Swift','kacey42@example.com','114.038.0061','6a2627e9d9e8898','1983-04-12 17:31:52','1996-03-18 08:23:35'),(68,'Tommie','Kirlin','ignatius.considine@example.org','(370)440-8245x9','14ce1a4b0cbbcb9','1994-06-16 12:07:05','1987-01-02 10:25:55'),(69,'Allie','Gottlieb','braulio.kuhic@example.net','(454)487-1719','09ea85ab7c8d5c9','1971-08-31 18:52:17','2000-03-04 14:19:39'),(70,'Ettie','Lesch','karianne30@example.org','817-444-3456','16b3b838068d468','1999-02-14 18:04:15','1988-02-13 16:49:34'),(71,'Jennyfer','Hessel','leon21@example.com','(980)170-9056x9','3794ceaec110d19','1994-11-14 01:52:28','1987-10-31 22:52:56'),(72,'Amber','Barton','zieme.gennaro@example.com','(515)669-1575x9','4868f727969f741','1975-07-30 21:53:04','2007-04-07 19:08:45'),(73,'Dayne','Funk','walter.fahey@example.com','009-458-9091','c6440963d4e789e','2013-05-08 20:47:31','1985-02-24 08:43:58'),(74,'Herminia','Kreiger','ruby85@example.com','164-938-8658x76','1253e4399efe3f3','1994-11-19 12:08:38','1971-11-03 07:08:27'),(75,'Orland','Kessler','roscoe.parker@example.com','1-491-602-0863x','e64a652754f6d23','2011-09-24 17:23:49','1983-05-05 16:52:54'),(76,'Quinton','Champlin','hyatt.palma@example.com','244-712-4355','85273479cd26ee2','1991-10-15 15:06:36','1995-01-03 04:42:09'),(77,'Maynard','Frami','garrett62@example.com','02596930755','c0ffc8d7fd66579','1990-07-21 20:38:46','1995-10-27 04:45:10'),(78,'Vincent','Hegmann','o\'conner.sadie@example.com','062-854-2353x47','560b217b6f9535e','1980-11-06 13:32:09','2018-04-04 23:47:04'),(79,'Lauriane','Reilly','obashirian@example.org','(616)333-0693','5f338503b35a56a','1992-06-06 06:13:18','1974-08-29 10:51:19'),(80,'Ewald','Schroeder','qnienow@example.net','959-005-3425x32','0aee06b84acd85b','1994-07-08 06:48:29','2002-12-20 13:26:44'),(81,'Arch','Nitzsche','ottis.marvin@example.net','1-668-732-9956x','1e2e2b0fc26f4cd','1998-01-30 11:11:43','2015-05-01 11:01:21'),(82,'Lorenzo','Swaniawski','dadams@example.org','+96(3)539223518','1b7ff76e20c39d8','2015-01-18 19:26:38','1974-05-16 13:50:26'),(83,'Marlene','Hyatt','srodriguez@example.org','023-958-8734','b7fe74bc1e26560','1981-12-17 14:10:09','1983-02-15 02:28:37'),(84,'Vita','Lowe','pdooley@example.net','796-076-1689x46','cdc07db25c13986','1986-04-29 08:46:06','1981-04-15 13:18:43'),(85,'Reanna','Dicki','obie.jerde@example.com','+77(3)625148318','238e19477598186','2002-04-14 21:32:08','1977-03-27 23:54:22'),(86,'Filomena','Murphy','berge.kayley@example.com','625-782-0541x54','7be565cb9d1ef59','2018-04-01 14:13:19','2002-07-05 03:11:29'),(87,'Sarai','Trantow','bahringer.lennie@example.com','420.066.2129x45','aa6d2936aac0e04','1986-03-02 04:09:02','1993-12-25 15:19:45'),(88,'Rowena','Ledner','elbert35@example.com','981-440-6621x46','e9de3dc85b3c3f6','1987-01-11 00:43:04','1979-05-04 09:51:00'),(89,'Hal','Dietrich','freeda05@example.org','847-479-3971','3bd8c72260fdb92','1978-08-27 15:31:45','1993-07-23 17:30:24'),(90,'Dean','Lowe','elvis36@example.net','376.512.5495','dbad2d412da59b1','1999-01-01 14:09:13','2016-06-02 02:13:49'),(91,'Ethyl','Thiel','colt.feil@example.org','(281)287-1112','daf584d352d89dc','2015-07-04 20:11:00','2002-10-09 04:29:12'),(92,'Tatyana','Champlin','haag.jefferey@example.org','(633)090-0624','455ee9458890174','2015-07-31 06:46:01','1976-09-26 12:56:16'),(93,'Abigayle','Collier','christa.corwin@example.net','1-836-381-3311x','31d93544311f296','1980-09-18 21:30:56','1978-12-22 01:26:33'),(94,'Haley','Hand','xlockman@example.net','239.297.6983','6244cbd078f8e22','1987-08-29 19:52:16','1984-11-10 16:11:59'),(95,'Rico','Dickens','durward03@example.net','419-212-1307x62','0f00c16b1a8eaf5','2010-02-10 10:48:00','1986-10-23 03:48:21'),(96,'Dimitri','Prosacco','erenner@example.org','1-370-199-2942x','11010a81532e7a4','2001-08-15 07:52:34','2002-09-25 05:31:24'),(97,'Keegan','Hansen','eleuschke@example.org','1-078-051-3618x','e16b311e3baf8ef','2002-08-14 18:19:02','2015-05-13 14:47:26'),(98,'Norene','Grant','strosin.mariana@example.org','+88(9)192059956','9aaab884acd7935','1991-09-28 23:29:47','1989-05-20 07:41:55'),(99,'Alice','Grant','gordon.schmidt@example.net','1-427-981-9961','0a9dcc7844324f0','2017-04-25 11:15:42','1996-08-01 21:13:35'),(100,'Telly','Waelchi','davis.neha@example.net','1-619-902-2538','9bd8a4a29003f8b','2011-04-04 05:34:09','1985-07-18 19:58:15');
/*!40000 ALTER TABLE `users` ENABLE KEYS */;
UNLOCK TABLES;
/*!40103 SET TIME_ZONE=@OLD_TIME_ZONE */;

/*!40101 SET SQL_MODE=@OLD_SQL_MODE */;
/*!40014 SET FOREIGN_KEY_CHECKS=@OLD_FOREIGN_KEY_CHECKS */;
/*!40014 SET UNIQUE_CHECKS=@OLD_UNIQUE_CHECKS */;
/*!40101 SET CHARACTER_SET_CLIENT=@OLD_CHARACTER_SET_CLIENT */;
/*!40101 SET CHARACTER_SET_RESULTS=@OLD_CHARACTER_SET_RESULTS */;
/*!40101 SET COLLATION_CONNECTION=@OLD_COLLATION_CONNECTION */;
/*!40111 SET SQL_NOTES=@OLD_SQL_NOTES */;

-- Dump completed on 2020-02-05  1:56:37
