-- MySQL dump 10.13  Distrib 8.0.19, for Linux (x86_64)
--
-- Host: localhost    Database: vk
-- ------------------------------------------------------
-- Server version	8.0.19

/*!40101 SET @OLD_CHARACTER_SET_CLIENT=@@CHARACTER_SET_CLIENT */;
/*!40101 SET @OLD_CHARACTER_SET_RESULTS=@@CHARACTER_SET_RESULTS */;
/*!40101 SET @OLD_COLLATION_CONNECTION=@@COLLATION_CONNECTION */;
/*!50503 SET NAMES utf8mb4 */;
/*!40103 SET @OLD_TIME_ZONE=@@TIME_ZONE */;
/*!40103 SET TIME_ZONE='+00:00' */;
/*!40014 SET @OLD_UNIQUE_CHECKS=@@UNIQUE_CHECKS, UNIQUE_CHECKS=0 */;
/*!40014 SET @OLD_FOREIGN_KEY_CHECKS=@@FOREIGN_KEY_CHECKS, FOREIGN_KEY_CHECKS=0 */;
/*!40101 SET @OLD_SQL_MODE=@@SQL_MODE, SQL_MODE='NO_AUTO_VALUE_ON_ZERO' */;
/*!40111 SET @OLD_SQL_NOTES=@@SQL_NOTES, SQL_NOTES=0 */;

--
-- Table structure for table `communities`
--

DROP TABLE IF EXISTS `communities`;
/*!40101 SET @saved_cs_client     = @@character_set_client */;
/*!50503 SET character_set_client = utf8mb4 */;
CREATE TABLE `communities` (
  `id` int unsigned NOT NULL AUTO_INCREMENT,
  `name` varchar(150) CHARACTER SET utf8 COLLATE utf8_unicode_ci NOT NULL,
  `description` varchar(255) COLLATE utf8_unicode_ci DEFAULT NULL,
  `is_open` tinyint(1) DEFAULT NULL,
  PRIMARY KEY (`id`),
  UNIQUE KEY `name` (`name`)
) ENGINE=InnoDB AUTO_INCREMENT=101 DEFAULT CHARSET=utf8 COLLATE=utf8_unicode_ci;
/*!40101 SET character_set_client = @saved_cs_client */;

--
-- Dumping data for table `communities`
--

LOCK TABLES `communities` WRITE;
/*!40000 ALTER TABLE `communities` DISABLE KEYS */;
INSERT INTO `communities` VALUES (1,'odit','Est officia quidem sed ut enim. Consequatur sint aut facere molestiae aliquam laborum. Quis in eveniet nihil placeat quas ipsa. Ut maiores nam laborum dolorum vero.',NULL),(2,'omnis','Numquam quia nostrum omnis sit nostrum sint. Et quod fugiat qui et. Fugiat ullam dicta deleniti et. Non doloribus eos sint laborum.',1),(3,'et','Est occaecati minima minima accusantium sed modi veritatis. Neque id corrupti praesentium corrupti facere consequatur sunt. Soluta cum aut nulla cupiditate quo qui aspernatur.',1),(4,'est','Animi nihil consequatur perferendis cumque nihil quia placeat quidem. Occaecati autem quisquam maxime animi. Quas laudantium est et necessitatibus eum.',NULL),(5,'provident','Et et voluptatibus debitis dolorum necessitatibus nihil non enim. Aut laborum illo vel atque et.',1),(6,'exercitationem','Ut voluptas nihil sequi aut ea ut nesciunt. Error possimus veritatis qui vel. Et qui debitis esse provident rem recusandae. Itaque officia libero facere quis quam est culpa.',NULL),(7,'officiis','Quidem accusamus voluptas provident. In quas beatae voluptate dolorem omnis quia ducimus sint. Animi vero aut est.',NULL),(8,'ex','Maiores nesciunt delectus sunt omnis dolor alias. Impedit veniam at rem earum fuga in ipsam. Veritatis perferendis blanditiis voluptatum molestiae. Ut placeat dolorem consequuntur.',1),(9,'voluptatem','Nemo quaerat voluptatem quo. Molestiae ipsa voluptate perspiciatis. Perspiciatis esse est consequatur numquam nobis. Et doloremque harum aperiam eligendi consequuntur occaecati.',1),(10,'sapiente','In dicta et a dolorem voluptate nihil. Odit inventore laborum a impedit. Modi iste quia omnis et enim.',NULL),(11,'in','Voluptas veniam itaque quia aut soluta laboriosam ipsam. Autem molestiae numquam in exercitationem et iste eaque. Provident incidunt commodi est doloremque.',NULL),(12,'dolores','Sunt doloremque et vitae quia. Sunt qui maxime accusantium inventore.',NULL),(13,'dolorem','Quod voluptatem pariatur optio distinctio. Neque est illum sunt rerum optio commodi debitis. Molestiae nam sint cumque aperiam.',NULL),(14,'ab','Molestiae possimus quisquam at dicta est. Expedita quia dolorem mollitia pariatur et laboriosam amet doloremque. Quibusdam aliquid repellat rerum temporibus laborum minus. Tempore dolor et nulla in sint tenetur.',NULL),(15,'quisquam','Quae deleniti rerum qui iure qui id. Iste omnis veniam repudiandae illum. Ut ex cum architecto sed eveniet. Mollitia architecto provident reiciendis molestiae eligendi dolores aut.',NULL),(16,'repellendus','Et in et totam. Numquam ea aut asperiores necessitatibus commodi est sunt. Illum sapiente molestiae corrupti corrupti magnam accusamus.',NULL),(17,'quia','Excepturi velit cupiditate est libero quia repudiandae et. Modi dignissimos inventore quia recusandae facilis consequatur facilis. Facere voluptatem consequuntur et possimus temporibus beatae quae nam.',NULL),(18,'soluta','Aut consequatur voluptatem hic at dolorum. Minus aut expedita qui quisquam porro et. Nihil sit rerum itaque voluptatum amet quidem alias. Consectetur eligendi iure aut quo reiciendis ut esse facilis.',NULL),(19,'error','Molestias quasi veritatis vel. Expedita et corporis enim quibusdam vitae. Et dolore id ipsum sunt et mollitia ex. Eveniet consectetur est labore magni.',NULL),(20,'labore','Rerum saepe voluptas possimus quo quaerat. Eum ea molestiae minus magnam totam blanditiis assumenda. Ullam fugit assumenda enim possimus qui voluptas omnis beatae. Harum numquam omnis delectus esse.',NULL);
/*!40000 ALTER TABLE `communities` ENABLE KEYS */;
UNLOCK TABLES;

--
-- Table structure for table `communities_users`
--

DROP TABLE IF EXISTS `communities_users`;
/*!40101 SET @saved_cs_client     = @@character_set_client */;
/*!50503 SET character_set_client = utf8mb4 */;
CREATE TABLE `communities_users` (
  `community_id` int unsigned NOT NULL,
  `user_id` int unsigned NOT NULL,
  PRIMARY KEY (`community_id`,`user_id`)
) ENGINE=InnoDB DEFAULT CHARSET=utf8 COLLATE=utf8_unicode_ci;
/*!40101 SET character_set_client = @saved_cs_client */;

--
-- Dumping data for table `communities_users`
--

LOCK TABLES `communities_users` WRITE;
/*!40000 ALTER TABLE `communities_users` DISABLE KEYS */;
INSERT INTO `communities_users` VALUES (1,1),(1,10),(1,19),(1,30),(1,33),(1,42),(1,68),(1,72),(1,94),(2,6),(2,24),(2,46),(2,50),(2,51),(2,68),(2,76),(2,100),(3,4),(3,15),(3,20),(3,31),(3,38),(3,43),(3,53),(3,54),(3,88),(3,89),(4,2),(4,18),(4,23),(4,26),(4,29),(4,36),(4,47),(4,48),(4,49),(4,53),(4,60),(4,63),(4,67),(4,85),(5,16),(5,31),(5,38),(5,50),(5,56),(5,58),(5,59),(5,64),(5,79),(5,82),(6,12),(6,20),(6,22),(6,27),(6,41),(6,44),(6,52),(6,97),(6,99),(7,1),(7,10),(7,11),(7,12),(7,13),(7,43),(7,50),(7,74),(7,85),(7,92),(7,96),(8,6),(8,7),(8,23),(8,50),(8,64),(8,83),(8,85),(8,89),(8,100),(9,11),(9,42),(9,46),(9,69),(9,91),(10,25),(10,26),(10,27),(10,37),(10,40),(10,46),(10,52),(10,58),(10,64),(10,65),(10,67),(10,72),(10,82),(10,84),(10,92);
/*!40000 ALTER TABLE `communities_users` ENABLE KEYS */;
UNLOCK TABLES;

--
-- Table structure for table `friendship`
--

DROP TABLE IF EXISTS `friendship`;
/*!40101 SET @saved_cs_client     = @@character_set_client */;
/*!50503 SET character_set_client = utf8mb4 */;
CREATE TABLE `friendship` (
  `user_id` int unsigned NOT NULL,
  `friend_id` int unsigned NOT NULL,
  `status_id` int unsigned NOT NULL,
  `requested_at` datetime DEFAULT CURRENT_TIMESTAMP,
  `confirmed_at` datetime DEFAULT NULL,
  PRIMARY KEY (`user_id`,`friend_id`)
) ENGINE=InnoDB DEFAULT CHARSET=utf8 COLLATE=utf8_unicode_ci;
/*!40101 SET character_set_client = @saved_cs_client */;

--
-- Dumping data for table `friendship`
--

LOCK TABLES `friendship` WRITE;
/*!40000 ALTER TABLE `friendship` DISABLE KEYS */;
INSERT INTO `friendship` VALUES (1,57,1,'2002-05-11 18:32:03','1977-02-25 02:49:57'),(2,17,1,'2014-07-17 15:28:01','1997-08-21 00:43:05'),(5,26,2,'1989-02-13 15:15:48','1990-12-14 08:06:03'),(5,45,1,'2003-10-18 07:13:49','1989-10-25 06:25:01'),(6,80,1,'1992-04-09 07:11:45','2013-10-13 12:14:22'),(6,97,1,'2003-10-12 23:39:01','2013-10-11 08:29:13'),(7,81,1,'2014-09-06 10:53:29','1993-02-02 02:49:04'),(11,41,2,'1991-02-04 04:16:54','2013-06-26 14:15:15'),(12,22,2,'2007-11-06 03:16:59','1994-02-19 21:21:38'),(12,77,2,'1997-05-16 10:00:10','1982-01-14 12:34:52'),(14,71,1,'1985-05-19 12:12:52','2017-05-14 08:50:20'),(18,10,2,'1991-04-02 15:31:37','2017-02-26 06:05:30'),(19,28,2,'2017-04-07 03:01:16','2010-01-21 13:58:40'),(20,17,1,'2011-10-26 19:37:51','1988-01-11 13:10:45'),(21,56,2,'1979-05-10 22:47:36','1993-07-21 20:52:35'),(21,65,2,'1984-12-05 17:18:00','1976-07-18 21:14:37'),(23,87,1,'2014-08-05 10:14:41','1998-07-09 13:40:19'),(25,15,2,'1984-11-06 02:00:13','1977-10-02 23:21:30'),(25,33,1,'2008-10-22 02:21:23','2005-09-10 21:34:26'),(25,65,1,'2006-10-07 20:59:42','2016-09-09 11:00:53'),(25,86,2,'1980-03-18 02:26:30','2011-08-17 12:32:05'),(26,10,2,'1997-07-23 03:56:26','1983-10-18 19:35:35'),(27,50,1,'2009-05-31 09:33:58','1988-09-19 13:37:13'),(27,80,1,'1999-11-19 18:13:46','1989-11-11 12:30:59'),(28,14,1,'2007-12-25 09:36:43','2018-07-01 05:45:21'),(28,52,2,'1973-04-08 13:46:17','1971-02-02 11:40:42'),(28,83,2,'1999-10-13 05:15:53','1982-01-23 15:40:59'),(28,99,1,'1977-03-24 21:35:40','2012-12-07 05:22:31'),(29,51,2,'1971-05-01 21:10:04','2001-02-01 08:11:36'),(29,94,2,'1973-07-10 02:53:22','1990-07-31 10:46:50'),(30,8,2,'1988-05-23 02:34:56','2006-11-03 10:20:38'),(30,76,2,'1975-03-18 23:05:11','1982-05-30 00:29:10'),(30,78,1,'1979-05-11 20:22:55','2000-02-27 03:05:33'),(31,61,2,'1993-11-07 06:56:07','1990-02-11 23:44:33'),(32,65,1,'1979-07-20 22:29:44','2005-12-24 07:22:39'),(36,95,1,'1983-08-06 13:39:12','1976-01-22 21:55:53'),(39,29,2,'1971-01-12 04:40:58','1971-09-13 07:49:01'),(39,78,2,'1994-03-22 10:16:15','1972-04-12 22:23:51'),(39,97,1,'2014-06-26 21:36:37','1975-04-09 23:02:50'),(42,32,1,'2011-04-06 21:17:51','1973-01-05 00:49:01'),(44,82,2,'1974-07-24 12:03:32','1972-05-26 03:47:46'),(47,42,2,'2003-08-04 09:35:57','1998-11-06 13:55:38'),(47,60,2,'1975-07-22 04:37:04','2005-11-08 19:04:18'),(48,10,1,'1994-08-18 06:24:35','1982-02-20 18:23:12'),(50,24,2,'1999-09-22 09:03:58','1994-07-29 01:05:10'),(52,32,1,'2013-08-17 12:07:23','1973-03-11 01:47:26'),(52,37,2,'1980-08-14 00:04:56','1989-11-29 06:09:31'),(52,57,1,'2006-08-08 05:59:26','1975-10-30 05:10:07'),(56,22,1,'1977-04-14 16:38:09','1984-04-26 10:55:53'),(56,33,1,'2000-06-26 19:40:55','1991-12-21 22:34:18'),(57,51,2,'1985-05-13 01:38:34','2010-10-22 17:12:56'),(57,62,2,'1977-05-05 12:21:02','1987-08-05 12:50:20'),(58,24,2,'1995-10-31 18:01:17','1970-05-06 10:38:11'),(60,17,2,'1999-12-20 05:52:58','1989-09-11 07:04:12'),(60,42,2,'1982-01-22 01:45:05','2000-02-16 06:52:12'),(61,88,1,'1979-09-21 16:23:43','2004-05-26 12:21:17'),(62,15,2,'1988-09-01 08:45:37','2015-10-31 08:29:37'),(62,68,1,'1998-12-15 14:05:32','1996-02-05 08:09:16'),(64,57,2,'1986-08-30 12:31:21','1983-08-18 06:44:56'),(64,66,2,'2012-09-07 22:52:35','1975-07-11 20:05:36'),(65,76,2,'1985-11-07 12:04:24','2005-08-29 06:43:34'),(67,81,2,'2019-06-12 14:06:44','1988-07-04 00:55:51'),(68,46,2,'1995-03-21 21:44:17','2016-08-24 07:24:45'),(68,47,1,'1970-06-30 00:23:23','2014-07-30 12:40:59'),(68,53,2,'2011-12-22 22:23:21','1987-09-11 04:42:50'),(69,7,1,'1996-08-27 18:07:33','2020-01-30 14:19:12'),(69,14,2,'2018-12-20 05:50:54','2016-10-26 17:55:33'),(69,16,2,'2020-01-12 23:34:02','2004-03-25 23:08:27'),(71,33,1,'1972-07-05 09:36:31','1973-06-29 15:24:40'),(71,84,1,'1981-12-16 16:48:55','2003-11-24 20:07:56'),(72,28,2,'2014-06-20 14:57:27','2001-08-12 03:23:26'),(74,3,1,'1998-06-29 10:00:11','2014-07-01 15:38:59'),(75,26,2,'2000-06-29 16:30:45','1979-07-01 07:42:19'),(75,30,2,'2004-03-10 12:58:41','1999-05-21 23:41:59'),(76,23,1,'2014-02-12 20:02:34','2016-01-03 07:12:26'),(78,39,1,'2015-12-14 21:37:50','1975-08-16 23:57:30'),(78,53,1,'1990-06-03 04:38:43','1985-04-26 10:00:23'),(79,13,1,'1975-09-30 05:55:54','2017-09-06 10:29:55'),(79,85,2,'1994-12-21 22:34:10','2019-06-11 13:37:39'),(80,4,1,'1998-02-10 21:24:14','1982-09-05 01:42:25'),(81,54,1,'1972-08-31 17:12:06','1998-01-07 21:00:15'),(82,41,2,'1995-01-15 18:12:51','1975-05-11 07:45:38'),(84,79,1,'1983-02-03 09:42:53','2013-06-08 09:49:44'),(85,42,2,'1984-11-24 22:18:50','2003-02-16 07:49:00'),(85,57,1,'2004-02-15 01:33:59','1981-12-12 01:19:25'),(85,60,2,'2001-09-04 11:29:05','1971-08-17 23:33:43'),(85,83,1,'1992-03-19 04:24:51','2010-10-19 02:18:32'),(85,97,2,'2014-07-15 13:58:56','1996-02-07 19:57:27'),(86,77,1,'2010-09-04 19:56:06','2009-07-10 20:04:25'),(86,85,1,'2005-03-10 08:19:21','2015-07-09 11:35:28'),(89,45,2,'1975-02-14 13:46:28','2004-08-03 18:16:39'),(92,31,1,'1976-08-17 21:02:30','1984-03-15 12:39:19'),(94,97,1,'2004-08-26 08:01:59','1978-02-22 21:30:24'),(95,62,1,'2015-12-10 02:09:10','2006-02-21 22:46:30'),(96,5,2,'1978-06-16 11:52:26','2019-03-09 08:00:27'),(96,82,1,'1993-08-21 16:45:00','2007-09-02 01:32:19'),(98,56,2,'1970-02-20 09:51:56','1991-10-19 22:51:50'),(98,58,1,'1987-11-29 13:15:59','1986-04-01 12:09:54'),(99,13,2,'1991-10-19 01:06:21','1988-10-06 06:58:13'),(100,60,1,'1983-12-18 15:26:20','2011-03-17 13:11:16');
/*!40000 ALTER TABLE `friendship` ENABLE KEYS */;
UNLOCK TABLES;

--
-- Table structure for table `friendship_statuses`
--

DROP TABLE IF EXISTS `friendship_statuses`;
/*!40101 SET @saved_cs_client     = @@character_set_client */;
/*!50503 SET character_set_client = utf8mb4 */;
CREATE TABLE `friendship_statuses` (
  `id` int unsigned NOT NULL AUTO_INCREMENT,
  `name` varchar(150) CHARACTER SET utf8 COLLATE utf8_unicode_ci NOT NULL,
  PRIMARY KEY (`id`),
  UNIQUE KEY `name` (`name`)
) ENGINE=InnoDB AUTO_INCREMENT=4 DEFAULT CHARSET=utf8 COLLATE=utf8_unicode_ci;
/*!40101 SET character_set_client = @saved_cs_client */;

--
-- Dumping data for table `friendship_statuses`
--

LOCK TABLES `friendship_statuses` WRITE;
/*!40000 ALTER TABLE `friendship_statuses` DISABLE KEYS */;
INSERT INTO `friendship_statuses` VALUES (2,'Confirmed'),(3,'Rejected'),(1,'Requested');
/*!40000 ALTER TABLE `friendship_statuses` ENABLE KEYS */;
UNLOCK TABLES;

--
-- Table structure for table `likes`
--

DROP TABLE IF EXISTS `likes`;
/*!40101 SET @saved_cs_client     = @@character_set_client */;
/*!50503 SET character_set_client = utf8mb4 */;
CREATE TABLE `likes` (
  `id` int unsigned NOT NULL AUTO_INCREMENT,
  `post_id` int unsigned DEFAULT NULL,
  `user_id` int unsigned NOT NULL,
  `created_at` datetime DEFAULT CURRENT_TIMESTAMP,
  `updated_at` datetime DEFAULT CURRENT_TIMESTAMP ON UPDATE CURRENT_TIMESTAMP,
  PRIMARY KEY (`id`)
) ENGINE=InnoDB AUTO_INCREMENT=101 DEFAULT CHARSET=utf8 COLLATE=utf8_unicode_ci;
/*!40101 SET character_set_client = @saved_cs_client */;

--
-- Dumping data for table `likes`
--

LOCK TABLES `likes` WRITE;
/*!40000 ALTER TABLE `likes` DISABLE KEYS */;
INSERT INTO `likes` VALUES (1,10,56,'1994-03-12 08:51:44','2020-02-12 13:47:04'),(2,9,39,'1986-11-30 16:37:27','2020-02-12 13:47:04'),(3,5,34,'1990-09-11 01:18:55','2020-02-12 13:47:04'),(4,2,82,'1973-07-21 09:12:39','2020-02-12 13:47:04'),(5,6,49,'2007-08-27 21:50:32','2020-02-12 13:47:04'),(6,7,97,'1996-12-12 14:07:00','2020-02-12 13:47:04'),(7,8,100,'1984-01-12 07:39:41','2020-02-12 13:47:04'),(8,7,27,'1978-09-28 13:45:38','2020-02-12 13:47:04'),(9,4,12,'2014-10-17 05:23:48','2020-02-12 13:47:04'),(10,5,80,'2008-03-20 13:05:59','2020-02-12 13:47:04'),(11,7,3,'2002-09-23 22:40:13','2020-02-12 13:47:04'),(12,1,35,'2010-04-06 20:27:42','2020-02-12 13:47:04'),(13,5,26,'2007-07-29 04:35:13','2020-02-12 13:47:04'),(14,10,81,'1997-01-26 15:59:50','2020-02-12 13:47:04'),(15,3,90,'1977-03-27 17:14:31','2020-02-12 13:47:04'),(16,7,80,'2017-02-17 13:58:00','2020-02-12 13:47:04'),(17,9,11,'1993-06-02 10:38:46','2020-02-12 13:47:04'),(18,9,85,'1973-01-20 09:10:21','2020-02-12 13:47:04'),(19,8,3,'1981-01-08 13:58:08','2020-02-12 13:47:04'),(20,10,89,'1993-10-04 10:45:00','2020-02-12 13:47:04'),(21,5,59,'2009-11-08 20:03:14','2020-02-12 13:47:04'),(22,6,9,'1997-06-17 15:30:48','2020-02-12 13:47:04'),(23,8,36,'2002-12-04 19:54:25','2020-02-12 13:47:04'),(24,7,2,'1996-02-19 15:42:23','2020-02-12 13:47:04'),(25,3,3,'1976-10-13 07:47:10','2020-02-12 13:47:04'),(26,6,42,'2017-06-25 10:44:55','2020-02-12 13:47:04'),(27,6,73,'1983-09-21 14:40:02','2020-02-12 13:47:04'),(28,9,7,'1995-05-26 14:29:43','2020-02-12 13:47:04'),(29,8,62,'2001-10-30 11:42:48','2020-02-12 13:47:04'),(30,8,11,'2006-11-08 12:08:33','2020-02-12 13:47:04'),(31,2,51,'1971-11-14 09:50:15','2020-02-12 13:47:04'),(32,1,57,'1990-03-13 17:53:51','2020-02-12 13:47:04'),(33,8,21,'1978-10-16 04:16:31','2020-02-12 13:47:04'),(34,7,77,'1971-03-27 10:47:15','2020-02-12 13:47:04'),(35,9,81,'1999-11-12 07:38:09','2020-02-12 13:47:04'),(36,6,33,'1977-04-02 08:36:02','2020-02-12 13:47:04'),(37,10,1,'1995-02-16 00:09:46','2020-02-12 13:47:04'),(38,1,11,'2018-04-17 18:23:14','2020-02-12 13:47:04'),(39,5,99,'1982-07-01 19:42:18','2020-02-12 13:47:04'),(40,6,84,'2012-10-27 17:03:12','2020-02-12 13:47:04'),(41,5,99,'2019-05-13 15:49:35','2020-02-12 13:47:04'),(42,5,26,'2005-08-31 08:02:22','2020-02-12 13:47:04'),(43,10,1,'1970-09-23 18:16:05','2020-02-12 13:47:04'),(44,2,74,'1987-02-09 17:13:19','2020-02-12 13:47:04'),(45,3,88,'2003-05-31 13:17:24','2020-02-12 13:47:04'),(46,8,6,'1988-05-04 02:17:18','2020-02-12 13:47:04'),(47,1,14,'1971-09-01 10:48:01','2020-02-12 13:47:04'),(48,6,14,'1990-08-17 07:58:31','2020-02-12 13:47:04'),(49,2,26,'1986-10-05 11:42:42','2020-02-12 13:47:04'),(50,9,62,'2003-07-17 10:57:22','2020-02-12 13:47:04'),(51,5,50,'1994-03-04 23:36:31','2020-02-12 13:47:04'),(52,1,80,'1987-04-14 07:08:13','2020-02-12 13:47:04'),(53,9,70,'1979-08-28 15:49:45','2020-02-12 13:47:04'),(54,1,10,'1990-03-31 18:47:36','2020-02-12 13:47:04'),(55,4,55,'1988-04-01 04:56:38','2020-02-12 13:47:04'),(56,7,41,'2019-05-29 23:52:49','2020-02-12 13:47:04'),(57,3,92,'1970-04-22 02:27:31','2020-02-12 13:47:04'),(58,9,67,'2000-05-10 07:07:02','2020-02-12 13:47:04'),(59,7,44,'2011-11-02 11:28:40','2020-02-12 13:47:04'),(60,2,21,'1985-09-01 02:26:10','2020-02-12 13:47:04'),(61,8,9,'2019-08-11 10:28:33','2020-02-12 13:47:04'),(62,2,67,'1981-10-08 17:33:19','2020-02-12 13:47:04'),(63,8,86,'1991-07-27 11:56:27','2020-02-12 13:47:04'),(64,10,35,'1983-09-02 07:08:23','2020-02-12 13:47:04'),(65,8,89,'1989-04-18 21:57:17','2020-02-12 13:47:04'),(66,1,62,'1992-02-07 18:44:38','2020-02-12 13:47:04'),(67,10,68,'2011-06-24 09:15:57','2020-02-12 13:47:04'),(68,7,34,'2018-07-21 14:52:27','2020-02-12 13:47:04'),(69,7,35,'1987-12-11 18:58:26','2020-02-12 13:47:04'),(70,8,59,'2006-11-13 00:22:30','2020-02-12 13:47:04'),(71,8,99,'1980-05-23 12:11:11','2020-02-12 13:47:04'),(72,7,46,'1988-10-08 03:06:18','2020-02-12 13:47:04'),(73,3,76,'2009-06-16 12:15:08','2020-02-12 13:47:04'),(74,1,20,'1979-02-01 12:49:12','2020-02-12 13:47:04'),(75,7,87,'1998-03-21 21:54:26','2020-02-12 13:47:04'),(76,3,67,'2013-10-26 08:18:18','2020-02-12 13:47:04'),(77,6,81,'2009-09-21 00:50:41','2020-02-12 13:47:04'),(78,4,35,'2017-06-14 07:39:34','2020-02-12 13:47:04'),(79,7,40,'2019-09-30 11:46:54','2020-02-12 13:47:04'),(80,10,42,'1990-06-27 22:07:01','2020-02-12 13:47:04'),(81,3,24,'1975-12-08 01:48:49','2020-02-12 13:47:04'),(82,3,74,'2002-01-12 08:49:56','2020-02-12 13:47:04'),(83,9,89,'1988-09-24 17:22:10','2020-02-12 13:47:04'),(84,10,19,'2018-05-15 11:57:59','2020-02-12 13:47:04'),(85,1,52,'1983-02-08 06:22:15','2020-02-12 13:47:04'),(86,6,22,'2010-06-04 17:31:41','2020-02-12 13:47:04'),(87,5,50,'2010-12-16 10:48:37','2020-02-12 13:47:04'),(88,2,34,'2015-05-16 18:30:12','2020-02-12 13:47:04'),(89,3,5,'1998-10-14 14:44:35','2020-02-12 13:47:04'),(90,6,72,'2012-01-16 10:32:16','2020-02-12 13:47:04'),(91,9,18,'1975-05-05 03:36:55','2020-02-12 13:47:04'),(92,3,93,'1975-08-18 11:03:48','2020-02-12 13:47:04'),(93,8,6,'1993-06-22 22:06:20','2020-02-12 13:47:04'),(94,10,70,'1972-05-12 20:13:28','2020-02-12 13:47:04'),(95,6,73,'1990-07-01 19:44:47','2020-02-12 13:47:04'),(96,10,52,'1971-08-30 01:21:54','2020-02-12 13:47:04'),(97,8,20,'1979-06-17 01:11:35','2020-02-12 13:47:04'),(98,8,2,'1971-06-20 00:19:44','2020-02-12 13:47:04'),(99,10,55,'2016-03-19 12:08:27','2020-02-12 13:47:04'),(100,10,19,'1997-05-24 22:32:17','2020-02-12 13:47:04');
/*!40000 ALTER TABLE `likes` ENABLE KEYS */;
UNLOCK TABLES;

--
-- Table structure for table `media`
--

DROP TABLE IF EXISTS `media`;
/*!40101 SET @saved_cs_client     = @@character_set_client */;
/*!50503 SET character_set_client = utf8mb4 */;
CREATE TABLE `media` (
  `id` int unsigned NOT NULL AUTO_INCREMENT,
  `media_type_id` int unsigned NOT NULL,
  `user_id` int unsigned NOT NULL,
  `filename` varchar(255) CHARACTER SET utf8 COLLATE utf8_unicode_ci NOT NULL,
  `size` int NOT NULL,
  `metadata` json DEFAULT NULL,
  `created_at` datetime DEFAULT CURRENT_TIMESTAMP,
  `updated_at` datetime DEFAULT CURRENT_TIMESTAMP ON UPDATE CURRENT_TIMESTAMP,
  PRIMARY KEY (`id`)
) ENGINE=InnoDB AUTO_INCREMENT=101 DEFAULT CHARSET=utf8 COLLATE=utf8_unicode_ci;
/*!40101 SET character_set_client = @saved_cs_client */;

--
-- Dumping data for table `media`
--

LOCK TABLES `media` WRITE;
/*!40000 ALTER TABLE `media` DISABLE KEYS */;
INSERT INTO `media` VALUES (1,3,56,'https://dropbox/vk/file_0',0,'{\"owner\": \"Susie McDermott\"}','1971-10-30 02:51:17','2020-02-12 07:25:42'),(2,2,82,'https://dropbox/vk/file_32396087',32396087,'{\"owner\": \"Alize Konopelski\"}','2003-03-21 00:24:50','2020-02-12 07:25:42'),(3,3,39,'https://dropbox/vk/file_273695',273695,'{\"owner\": \"Chad Blanda\"}','1984-01-21 21:42:00','2020-02-12 07:25:42'),(4,1,51,'https://dropbox/vk/file_14692',14692,'{\"owner\": \"Mellie Hyatt\"}','2011-12-19 03:39:46','2020-02-12 07:25:42'),(5,1,37,'https://dropbox/vk/file_3590',3590,'{\"owner\": \"Terrance Cummings\"}','1998-09-19 10:31:59','2020-02-12 07:25:42'),(6,3,31,'https://dropbox/vk/file_967390',967390,'{\"owner\": \"Emilie Zemlak\"}','2002-07-07 20:14:53','2020-02-12 07:25:42'),(7,2,45,'https://dropbox/vk/file_9',9,'{\"owner\": \"Reid Hoppe\"}','2008-08-19 10:31:52','2020-02-12 07:25:42'),(8,3,32,'https://dropbox/vk/file_677499109',677499109,'{\"owner\": \"Jeffery Kutch\"}','2002-08-10 04:34:58','2020-02-12 07:25:42'),(9,1,22,'https://dropbox/vk/file_9474',9474,'{\"owner\": \"Ernesto Jerde\"}','2005-07-17 04:54:07','2020-02-12 07:25:42'),(10,1,13,'https://dropbox/vk/file_1875',1875,'{\"owner\": \"Enid Johns\"}','1984-12-14 19:06:40','2020-02-12 07:25:42'),(11,1,100,'https://dropbox/vk/file_734846952',734846952,'{\"owner\": \"Odell Kozey\"}','1976-12-28 13:50:51','2020-02-12 07:25:42'),(12,1,59,'https://dropbox/vk/file_5',5,'{\"owner\": \"Josiane Mertz\"}','2019-05-28 14:58:19','2020-02-12 07:25:42'),(13,3,96,'https://dropbox/vk/file_0',0,'{\"owner\": \"Octavia Smith\"}','2013-05-26 00:21:23','2020-02-12 07:25:42'),(14,3,4,'https://dropbox/vk/file_63969127',63969127,'{\"owner\": \"Alberta Ritchie\"}','1981-03-15 03:06:33','2020-02-12 07:25:42'),(15,1,30,'https://dropbox/vk/file_61837601',61837601,'{\"owner\": \"Greg Emmerich\"}','2019-12-10 15:58:21','2020-02-12 07:25:42'),(16,3,39,'https://dropbox/vk/file_0',0,'{\"owner\": \"Chad Blanda\"}','1989-02-14 12:06:38','2020-02-12 07:25:42'),(17,1,3,'https://dropbox/vk/file_409181896',409181896,'{\"owner\": \"Jovany O\'Conner\"}','2014-12-11 14:29:38','2020-02-12 07:25:42'),(18,3,98,'https://dropbox/vk/file_75407436',75407436,'{\"owner\": \"Hellen McDermott\"}','1975-04-29 19:41:25','2020-02-12 07:25:42'),(19,3,82,'https://dropbox/vk/file_5',5,'{\"owner\": \"Alize Konopelski\"}','2008-05-08 12:50:45','2020-02-12 07:25:42'),(20,2,15,'https://dropbox/vk/file_881000',881000,'{\"owner\": \"Clark Jast\"}','1997-02-05 15:45:08','2020-02-12 07:25:42'),(21,1,26,'https://dropbox/vk/file_9',9,'{\"owner\": \"Amir Stroman\"}','1973-12-15 04:05:49','2020-02-12 07:25:42'),(22,1,86,'https://dropbox/vk/file_0',0,'{\"owner\": \"Derrick Hodkiewicz\"}','2002-04-10 02:01:51','2020-02-12 07:25:42'),(23,3,52,'https://dropbox/vk/file_59902',59902,'{\"owner\": \"Titus Gusikowski\"}','1973-03-03 06:44:32','2020-02-12 07:25:42'),(24,2,1,'https://dropbox/vk/file_825666',825666,'{\"owner\": \"Sofia Lind\"}','1993-06-26 18:37:35','2020-02-12 07:25:42'),(25,1,48,'https://dropbox/vk/file_922831448',922831448,'{\"owner\": \"Diana Heaney\"}','1988-03-27 09:15:54','2020-02-12 07:25:42'),(26,1,39,'https://dropbox/vk/file_709',709,'{\"owner\": \"Chad Blanda\"}','2017-01-23 04:00:14','2020-02-12 07:25:42'),(27,3,48,'https://dropbox/vk/file_0',0,'{\"owner\": \"Diana Heaney\"}','2010-10-23 06:15:47','2020-02-12 07:25:42'),(28,1,22,'https://dropbox/vk/file_5031',5031,'{\"owner\": \"Ernesto Jerde\"}','2008-01-25 23:23:15','2020-02-12 07:25:42'),(29,1,68,'https://dropbox/vk/file_85',85,'{\"owner\": \"Vivien Will\"}','1983-04-14 18:44:38','2020-02-12 07:25:42'),(30,3,72,'https://dropbox/vk/file_41795',41795,'{\"owner\": \"Daisy Bernhard\"}','1983-04-04 11:54:10','2020-02-12 07:25:42'),(31,3,55,'https://dropbox/vk/file_582906',582906,'{\"owner\": \"Cyrus Rolfson\"}','2000-09-05 01:43:13','2020-02-12 07:25:42'),(32,2,60,'https://dropbox/vk/file_59603',59603,'{\"owner\": \"Jaycee Mohr\"}','2019-08-18 11:27:24','2020-02-12 07:25:42'),(33,1,33,'https://dropbox/vk/file_8058',8058,'{\"owner\": \"Augustine Kuhlman\"}','1996-05-19 20:12:18','2020-02-12 07:25:42'),(34,3,84,'https://dropbox/vk/file_192040779',192040779,'{\"owner\": \"Anissa Rosenbaum\"}','2015-06-28 07:46:00','2020-02-12 07:25:42'),(35,2,23,'https://dropbox/vk/file_7603',7603,'{\"owner\": \"David Toy\"}','1996-06-17 04:37:50','2020-02-12 07:25:42'),(36,2,62,'https://dropbox/vk/file_17723815',17723815,'{\"owner\": \"Earnestine Waelchi\"}','1970-05-29 01:12:01','2020-02-12 07:25:42'),(37,3,39,'https://dropbox/vk/file_8732',8732,'{\"owner\": \"Chad Blanda\"}','1970-08-26 16:33:33','2020-02-12 07:25:42'),(38,3,8,'https://dropbox/vk/file_0',0,'{\"owner\": \"Earlene Pfeffer\"}','2009-05-20 21:51:52','2020-02-12 07:25:42'),(39,2,24,'https://dropbox/vk/file_8440917',8440917,'{\"owner\": \"Nia Paucek\"}','2013-08-03 08:28:45','2020-02-12 07:25:42'),(40,1,95,'https://dropbox/vk/file_7095432',7095432,'{\"owner\": \"Spencer Jones\"}','1998-11-11 10:06:46','2020-02-12 07:25:42'),(41,2,3,'https://dropbox/vk/file_7012950',7012950,'{\"owner\": \"Jovany O\'Conner\"}','1990-12-10 22:04:48','2020-02-12 07:25:42'),(42,1,30,'https://dropbox/vk/file_79',79,'{\"owner\": \"Greg Emmerich\"}','1989-03-02 05:00:18','2020-02-12 07:25:42'),(43,2,39,'https://dropbox/vk/file_158399',158399,'{\"owner\": \"Chad Blanda\"}','1990-04-10 15:48:41','2020-02-12 07:25:42'),(44,1,5,'https://dropbox/vk/file_6467',6467,'{\"owner\": \"Sylvan Dicki\"}','1986-08-31 06:16:25','2020-02-12 07:25:42'),(45,2,7,'https://dropbox/vk/file_8640',8640,'{\"owner\": \"Samantha Lehner\"}','1970-04-25 23:51:47','2020-02-12 07:25:42'),(46,3,19,'https://dropbox/vk/file_240621',240621,'{\"owner\": \"Helen Lindgren\"}','2005-11-02 12:37:57','2020-02-12 07:25:42'),(47,3,76,'https://dropbox/vk/file_183',183,'{\"owner\": \"Sigurd Hilpert\"}','2010-02-21 23:47:24','2020-02-12 07:25:42'),(48,3,21,'https://dropbox/vk/file_0',0,'{\"owner\": \"Scottie Simonis\"}','2002-07-22 19:54:58','2020-02-12 07:25:42'),(49,1,75,'https://dropbox/vk/file_89',89,'{\"owner\": \"Julian Stark\"}','1999-11-05 06:22:46','2020-02-12 07:25:42'),(50,2,14,'https://dropbox/vk/file_95038',95038,'{\"owner\": \"Patrick Fritsch\"}','2018-12-18 20:46:43','2020-02-12 07:25:42'),(51,2,43,'https://dropbox/vk/file_2510750',2510750,'{\"owner\": \"Alison Gaylord\"}','2018-08-05 20:09:41','2020-02-12 07:25:42'),(52,2,71,'https://dropbox/vk/file_521804871',521804871,'{\"owner\": \"Georgianna Gleason\"}','1984-05-31 20:12:01','2020-02-12 07:25:42'),(53,2,28,'https://dropbox/vk/file_0',0,'{\"owner\": \"Orion Nolan\"}','1981-04-02 16:51:52','2020-02-12 07:25:42'),(54,3,28,'https://dropbox/vk/file_94600',94600,'{\"owner\": \"Orion Nolan\"}','2000-05-08 23:28:38','2020-02-12 07:25:42'),(55,2,52,'https://dropbox/vk/file_0',0,'{\"owner\": \"Titus Gusikowski\"}','1982-05-25 03:12:00','2020-02-12 07:25:42'),(56,1,77,'https://dropbox/vk/file_9124783',9124783,'{\"owner\": \"Ambrose Reynolds\"}','1970-05-19 03:59:59','2020-02-12 07:25:42'),(57,1,28,'https://dropbox/vk/file_79763',79763,'{\"owner\": \"Orion Nolan\"}','2006-01-18 18:23:59','2020-02-12 07:25:42'),(58,3,11,'https://dropbox/vk/file_332',332,'{\"owner\": \"Lyric Champlin\"}','1979-05-15 08:31:57','2020-02-12 07:25:42'),(59,2,67,'https://dropbox/vk/file_71845892',71845892,'{\"owner\": \"Retta DuBuque\"}','1987-05-08 09:52:40','2020-02-12 07:25:42'),(60,2,2,'https://dropbox/vk/file_874487134',874487134,'{\"owner\": \"Luis Mante\"}','1979-12-08 18:32:26','2020-02-12 07:25:42'),(61,2,10,'https://dropbox/vk/file_0',0,'{\"owner\": \"Alana Sauer\"}','1999-02-07 09:34:51','2020-02-12 07:25:42'),(62,2,44,'https://dropbox/vk/file_2',2,'{\"owner\": \"Stevie Konopelski\"}','2008-01-08 23:00:20','2020-02-12 07:25:42'),(63,2,89,'https://dropbox/vk/file_20',20,'{\"owner\": \"Arvel Davis\"}','2008-01-08 14:33:47','2020-02-12 07:25:42'),(64,2,13,'https://dropbox/vk/file_0',0,'{\"owner\": \"Enid Johns\"}','2005-06-10 23:54:52','2020-02-12 07:25:42'),(65,2,98,'https://dropbox/vk/file_3244687',3244687,'{\"owner\": \"Hellen McDermott\"}','1983-01-03 09:18:23','2020-02-12 07:25:42'),(66,1,48,'https://dropbox/vk/file_535774',535774,'{\"owner\": \"Diana Heaney\"}','2017-11-14 02:09:04','2020-02-12 07:25:42'),(67,1,48,'https://dropbox/vk/file_554951976',554951976,'{\"owner\": \"Diana Heaney\"}','1992-06-25 18:22:45','2020-02-12 07:25:42'),(68,3,93,'https://dropbox/vk/file_892',892,'{\"owner\": \"Cade Quitzon\"}','2011-01-24 18:42:22','2020-02-12 07:25:42'),(69,2,22,'https://dropbox/vk/file_0',0,'{\"owner\": \"Ernesto Jerde\"}','1996-09-09 01:03:45','2020-02-12 07:25:42'),(70,2,28,'https://dropbox/vk/file_345802',345802,'{\"owner\": \"Orion Nolan\"}','1977-02-14 18:57:50','2020-02-12 07:25:42'),(71,2,76,'https://dropbox/vk/file_66084',66084,'{\"owner\": \"Sigurd Hilpert\"}','1971-11-04 16:32:32','2020-02-12 07:25:42'),(72,2,97,'https://dropbox/vk/file_9336',9336,'{\"owner\": \"Wendy Bechtelar\"}','2003-12-14 04:06:13','2020-02-12 07:25:42'),(73,2,54,'https://dropbox/vk/file_51871515',51871515,'{\"owner\": \"Grace Bergstrom\"}','1986-01-24 04:57:02','2020-02-12 07:25:42'),(74,1,81,'https://dropbox/vk/file_26150',26150,'{\"owner\": \"Elijah Swift\"}','2014-03-19 00:28:01','2020-02-12 07:25:42'),(75,2,41,'https://dropbox/vk/file_90611',90611,'{\"owner\": \"Kari Hauck\"}','1990-08-22 15:45:28','2020-02-12 07:25:42'),(76,2,60,'https://dropbox/vk/file_240',240,'{\"owner\": \"Jaycee Mohr\"}','2003-08-07 10:42:37','2020-02-12 07:25:42'),(77,1,78,'https://dropbox/vk/file_577228697',577228697,'{\"owner\": \"Adriel Toy\"}','1993-03-03 12:50:48','2020-02-12 07:25:42'),(78,3,9,'https://dropbox/vk/file_898',898,'{\"owner\": \"Summer Sawayn\"}','1976-07-24 13:07:27','2020-02-12 07:25:42'),(79,2,10,'https://dropbox/vk/file_0',0,'{\"owner\": \"Alana Sauer\"}','1991-07-20 16:07:46','2020-02-12 07:25:42'),(80,3,23,'https://dropbox/vk/file_6',6,'{\"owner\": \"David Toy\"}','1978-04-26 06:17:07','2020-02-12 07:25:42'),(81,2,85,'https://dropbox/vk/file_68247',68247,'{\"owner\": \"Maribel Eichmann\"}','2005-05-21 13:21:45','2020-02-12 07:25:42'),(82,1,57,'https://dropbox/vk/file_0',0,'{\"owner\": \"Evie Ryan\"}','1993-08-11 23:09:13','2020-02-12 07:25:42'),(83,3,27,'https://dropbox/vk/file_2824',2824,'{\"owner\": \"Arnoldo Robel\"}','1977-07-10 08:42:16','2020-02-12 07:25:42'),(84,1,63,'https://dropbox/vk/file_0',0,'{\"owner\": \"Keeley Casper\"}','2003-06-03 04:35:42','2020-02-12 07:25:42'),(85,3,36,'https://dropbox/vk/file_83969',83969,'{\"owner\": \"Tatum Ward\"}','1977-12-11 08:24:44','2020-02-12 07:25:42'),(86,1,88,'https://dropbox/vk/file_646883072',646883072,'{\"owner\": \"Queen Morissette\"}','1989-02-05 18:04:35','2020-02-12 07:25:42'),(87,1,31,'https://dropbox/vk/file_59',59,'{\"owner\": \"Emilie Zemlak\"}','1974-11-24 12:37:39','2020-02-12 07:25:42'),(88,2,90,'https://dropbox/vk/file_0',0,'{\"owner\": \"Annabell Keeling\"}','1973-10-28 06:41:25','2020-02-12 07:25:42'),(89,2,59,'https://dropbox/vk/file_20761692',20761692,'{\"owner\": \"Josiane Mertz\"}','1986-12-04 18:51:31','2020-02-12 07:25:42'),(90,1,25,'https://dropbox/vk/file_31427',31427,'{\"owner\": \"Genesis Johns\"}','1983-01-02 05:21:14','2020-02-12 07:25:42'),(91,2,44,'https://dropbox/vk/file_51',51,'{\"owner\": \"Stevie Konopelski\"}','1970-12-23 02:38:54','2020-02-12 07:25:42'),(92,3,48,'https://dropbox/vk/file_326664',326664,'{\"owner\": \"Diana Heaney\"}','2001-06-05 03:30:04','2020-02-12 07:25:42'),(93,1,5,'https://dropbox/vk/file_898649998',898649998,'{\"owner\": \"Sylvan Dicki\"}','2003-05-18 04:26:11','2020-02-12 07:25:42'),(94,2,81,'https://dropbox/vk/file_77013881',77013881,'{\"owner\": \"Elijah Swift\"}','1984-06-29 00:15:17','2020-02-12 07:25:42'),(95,2,91,'https://dropbox/vk/file_26683',26683,'{\"owner\": \"Julie Quigley\"}','1980-04-20 01:01:35','2020-02-12 07:25:42'),(96,2,12,'https://dropbox/vk/file_28',28,'{\"owner\": \"Dexter Schuster\"}','2014-11-18 14:11:05','2020-02-12 07:25:42'),(97,3,87,'https://dropbox/vk/file_7789',7789,'{\"owner\": \"Jerry Lockman\"}','1987-02-12 04:51:49','2020-02-12 07:25:42'),(98,3,97,'https://dropbox/vk/file_773504075',773504075,'{\"owner\": \"Wendy Bechtelar\"}','2001-01-18 06:28:36','2020-02-12 07:25:42'),(99,1,26,'https://dropbox/vk/file_685322',685322,'{\"owner\": \"Amir Stroman\"}','2008-08-13 22:52:06','2020-02-12 07:25:42'),(100,2,35,'https://dropbox/vk/file_411450',411450,'{\"owner\": \"Humberto Steuber\"}','1994-09-17 07:18:04','2020-02-12 07:25:42');
/*!40000 ALTER TABLE `media` ENABLE KEYS */;
UNLOCK TABLES;

--
-- Table structure for table `media_types`
--

DROP TABLE IF EXISTS `media_types`;
/*!40101 SET @saved_cs_client     = @@character_set_client */;
/*!50503 SET character_set_client = utf8mb4 */;
CREATE TABLE `media_types` (
  `id` int unsigned NOT NULL AUTO_INCREMENT,
  `name` varchar(255) CHARACTER SET utf8 COLLATE utf8_unicode_ci NOT NULL,
  PRIMARY KEY (`id`),
  UNIQUE KEY `name` (`name`)
) ENGINE=InnoDB AUTO_INCREMENT=4 DEFAULT CHARSET=utf8 COLLATE=utf8_unicode_ci;
/*!40101 SET character_set_client = @saved_cs_client */;

--
-- Dumping data for table `media_types`
--

LOCK TABLES `media_types` WRITE;
/*!40000 ALTER TABLE `media_types` DISABLE KEYS */;
INSERT INTO `media_types` VALUES (3,'audio'),(1,'photo'),(2,'video');
/*!40000 ALTER TABLE `media_types` ENABLE KEYS */;
UNLOCK TABLES;

--
-- Table structure for table `messages`
--

DROP TABLE IF EXISTS `messages`;
/*!40101 SET @saved_cs_client     = @@character_set_client */;
/*!50503 SET character_set_client = utf8mb4 */;
CREATE TABLE `messages` (
  `id` int unsigned NOT NULL AUTO_INCREMENT,
  `from_user_id` int unsigned NOT NULL,
  `to_user_id` int unsigned NOT NULL,
  `to_community_id` int unsigned DEFAULT NULL,
  `body` text CHARACTER SET utf8 COLLATE utf8_unicode_ci NOT NULL,
  `is_important` tinyint(1) DEFAULT NULL,
  `is_delivered` tinyint(1) DEFAULT NULL,
  `created_at` datetime DEFAULT CURRENT_TIMESTAMP,
  PRIMARY KEY (`id`)
) ENGINE=InnoDB AUTO_INCREMENT=101 DEFAULT CHARSET=utf8 COLLATE=utf8_unicode_ci;
/*!40101 SET character_set_client = @saved_cs_client */;

--
-- Dumping data for table `messages`
--

LOCK TABLES `messages` WRITE;
/*!40000 ALTER TABLE `messages` DISABLE KEYS */;
INSERT INTO `messages` VALUES (1,56,89,NULL,'Est officia quidem sed ut enim. Consequatur sint aut facere molestiae aliquam laborum. Quis in eveniet nihil placeat quas ipsa. Ut maiores nam laborum dolorum vero.',0,1,'2006-04-21 22:56:16'),(2,73,97,NULL,'Numquam quia nostrum omnis sit nostrum sint. Et quod fugiat qui et. Fugiat ullam dicta deleniti et. Non doloribus eos sint laborum.',0,1,'2014-02-10 17:59:20'),(3,67,44,NULL,'Est occaecati minima minima accusantium sed modi veritatis. Neque id corrupti praesentium corrupti facere consequatur sunt. Soluta cum aut nulla cupiditate quo qui aspernatur.',0,0,'1993-12-18 23:51:55'),(4,17,53,NULL,'Animi nihil consequatur perferendis cumque nihil quia placeat quidem. Occaecati autem quisquam maxime animi. Quas laudantium est et necessitatibus eum.',1,1,'2010-05-14 20:50:23'),(5,13,6,NULL,'Et et voluptatibus debitis dolorum necessitatibus nihil non enim. Aut laborum illo vel atque et.',0,0,'2008-11-29 22:42:30'),(6,90,30,NULL,'Ut voluptas nihil sequi aut ea ut nesciunt. Error possimus veritatis qui vel. Et qui debitis esse provident rem recusandae. Itaque officia libero facere quis quam est culpa.',1,1,'1992-07-31 10:35:22'),(7,80,9,NULL,'Quidem accusamus voluptas provident. In quas beatae voluptate dolorem omnis quia ducimus sint. Animi vero aut est.',1,1,'1972-11-24 12:55:22'),(8,5,97,NULL,'Maiores nesciunt delectus sunt omnis dolor alias. Impedit veniam at rem earum fuga in ipsam. Veritatis perferendis blanditiis voluptatum molestiae. Ut placeat dolorem consequuntur.',0,0,'2019-01-10 22:38:26'),(9,72,66,NULL,'Nemo quaerat voluptatem quo. Molestiae ipsa voluptate perspiciatis. Perspiciatis esse est consequatur numquam nobis. Et doloremque harum aperiam eligendi consequuntur occaecati.',0,0,'2000-09-25 15:00:04'),(10,15,76,NULL,'In dicta et a dolorem voluptate nihil. Odit inventore laborum a impedit. Modi iste quia omnis et enim.',0,0,'1984-01-23 11:28:13'),(11,35,47,NULL,'Voluptas veniam itaque quia aut soluta laboriosam ipsam. Autem molestiae numquam in exercitationem et iste eaque. Provident incidunt commodi est doloremque.',0,0,'1996-09-11 08:13:53'),(12,29,3,NULL,'Sunt doloremque et vitae quia. Sunt qui maxime accusantium inventore.',0,0,'2005-07-19 11:46:18'),(13,28,32,NULL,'Quod voluptatem pariatur optio distinctio. Neque est illum sunt rerum optio commodi debitis. Molestiae nam sint cumque aperiam.',0,0,'1993-02-20 00:03:58'),(14,75,78,NULL,'Molestiae possimus quisquam at dicta est. Expedita quia dolorem mollitia pariatur et laboriosam amet doloremque. Quibusdam aliquid repellat rerum temporibus laborum minus. Tempore dolor et nulla in sint tenetur.',0,1,'1982-07-09 22:05:04'),(15,65,89,NULL,'Quae deleniti rerum qui iure qui id. Iste omnis veniam repudiandae illum. Ut ex cum architecto sed eveniet. Mollitia architecto provident reiciendis molestiae eligendi dolores aut.',0,0,'1994-02-24 03:48:38'),(16,52,91,NULL,'Et in et totam. Numquam ea aut asperiores necessitatibus commodi est sunt. Illum sapiente molestiae corrupti corrupti magnam accusamus.',1,1,'2020-01-01 19:59:53'),(17,99,22,NULL,'Excepturi velit cupiditate est libero quia repudiandae et. Modi dignissimos inventore quia recusandae facilis consequatur facilis. Facere voluptatem consequuntur et possimus temporibus beatae quae nam.',1,0,'1996-03-24 04:38:15'),(18,12,92,NULL,'Aut consequatur voluptatem hic at dolorum. Minus aut expedita qui quisquam porro et. Nihil sit rerum itaque voluptatum amet quidem alias. Consectetur eligendi iure aut quo reiciendis ut esse facilis.',0,1,'2005-07-30 21:06:37'),(19,25,49,NULL,'Molestias quasi veritatis vel. Expedita et corporis enim quibusdam vitae. Et dolore id ipsum sunt et mollitia ex. Eveniet consectetur est labore magni.',1,1,'1994-08-01 09:31:15'),(20,70,2,NULL,'Rerum saepe voluptas possimus quo quaerat. Eum ea molestiae minus magnam totam blanditiis assumenda. Ullam fugit assumenda enim possimus qui voluptas omnis beatae. Harum numquam omnis delectus esse.',0,0,'2012-08-01 14:51:10'),(21,99,87,NULL,'Qui inventore cupiditate dolorem dolores. Id est maxime architecto ipsam. Consequuntur sunt facere ut minus. Dolore totam eum veniam saepe suscipit maxime blanditiis.',0,0,'2018-02-10 09:19:03'),(22,39,35,NULL,'Rerum omnis autem quia nisi velit. Qui voluptatem ab dolorem quia suscipit. Est quis neque aut.',0,1,'1971-11-16 17:31:55'),(23,57,78,NULL,'Architecto aut aliquam placeat ut. Voluptas consequatur vitae quas placeat quo eos sed. Iusto dolores soluta maiores quia rerum voluptatem fugiat.',1,0,'1971-02-12 17:00:43'),(24,21,69,NULL,'Et et animi inventore cumque ab repudiandae veritatis corrupti. Voluptatem velit laudantium quod quia. Expedita in architecto id voluptatem nihil sit.',0,1,'1972-11-23 16:39:55'),(25,84,10,NULL,'Minima et minima qui aspernatur rerum nam ea. Rerum officiis dicta dignissimos repellendus eum. Ex voluptatibus non ducimus qui atque ipsam eveniet.',0,0,'2018-10-02 14:50:53'),(26,98,58,NULL,'Et expedita neque in blanditiis. Ratione consequatur quod minus quod eos commodi voluptas et. Magni exercitationem deleniti quia. Deserunt veritatis iste voluptas ut voluptatem.',1,0,'1980-02-07 04:59:48'),(27,96,4,NULL,'Voluptatibus qui quidem tempore omnis vitae animi dolorem. Atque et explicabo numquam temporibus sed dolorum. Adipisci ipsum aperiam aut quidem. Assumenda ut ipsam aliquam aut porro optio earum.',1,0,'2014-03-29 06:05:59'),(28,33,54,NULL,'Quae aut consequatur quos ratione. Quasi non ea unde architecto delectus. Fuga repellendus aut dolorem impedit.',1,1,'1997-02-26 04:29:32'),(29,71,91,NULL,'Porro ipsam reprehenderit expedita eos magnam qui et. Sit consequatur sed voluptatem nihil ab qui non sequi. Soluta molestiae ex ut commodi. Accusantium et dolorem sit aliquid quia.',1,1,'1995-05-19 22:07:16'),(30,42,35,NULL,'Ipsam cumque itaque dolore ut iure reprehenderit est. Magnam consequatur debitis porro consequuntur quasi nostrum corrupti qui. Sunt voluptas quia sequi totam cumque aperiam dolore eos.',0,1,'1987-07-03 14:51:51'),(31,51,47,NULL,'Voluptatem rem error quam vel pariatur fugit. Nobis aperiam voluptas eligendi qui eum quis. Eius hic veniam incidunt aut necessitatibus perspiciatis.',1,1,'1977-08-18 03:07:37'),(32,80,62,NULL,'Sint qui quo corporis esse rem. Voluptates et ut mollitia nesciunt. Rerum saepe praesentium beatae veniam. Sit vel dolorem placeat in doloribus.',1,1,'1992-10-22 18:12:34'),(33,70,61,NULL,'Adipisci enim qui sunt beatae ad reprehenderit error. Esse et eius officiis eveniet velit delectus expedita. Facilis aut quisquam blanditiis id ullam eaque ex.',1,0,'1993-09-17 10:39:01'),(34,94,89,NULL,'Molestiae eum vel temporibus unde assumenda quibusdam. Tempore adipisci sint hic mollitia et eligendi doloribus.',0,0,'2005-06-14 02:13:05'),(35,61,39,NULL,'Tempora similique temporibus dolorem rem neque. Quia velit maiores itaque debitis explicabo explicabo.',0,0,'2009-05-29 07:59:35'),(36,10,32,NULL,'Libero magnam aut dolorem cum. Sunt fuga minima veritatis debitis. Incidunt qui voluptas ut perspiciatis nihil cum quis. Totam sequi temporibus necessitatibus corrupti cupiditate.',1,1,'1993-08-09 02:39:04'),(37,32,64,NULL,'Dicta eum libero autem est adipisci a quis et. Non vitae nihil quasi laborum quisquam architecto. Natus omnis aperiam nesciunt omnis. Porro sit sapiente nostrum molestiae doloremque ea.',1,1,'2019-03-20 12:34:54'),(38,20,11,NULL,'Sequi vel eos ad amet omnis. Qui ex dolores ipsum sit beatae. Laudantium explicabo eius voluptatum officia ea autem minima. Molestias nesciunt minima voluptatum commodi. Fugiat qui in consequuntur et vitae nulla.',1,1,'1990-03-23 04:23:03'),(39,91,25,NULL,'Consequuntur totam accusamus expedita velit voluptas hic odit. At qui dolores quam quibusdam. Mollitia nihil similique voluptas consequatur dolore. Eos quaerat alias quas eum in quo molestias neque.',1,1,'2016-04-02 06:24:16'),(40,50,74,NULL,'Maiores maiores qui quos aliquid impedit deserunt quia. Provident ipsa eum velit pariatur. Voluptatem sint harum voluptatem sit quaerat sequi qui. Nisi sequi adipisci eum quos veniam.',0,1,'1987-01-05 00:09:16'),(41,22,85,NULL,'Non ut deleniti doloremque pariatur. Aut sequi consectetur qui voluptatum. Expedita eaque unde velit earum et placeat. Nemo ut aut sit rerum repellat molestiae dolores.',0,0,'2014-07-31 18:42:59'),(42,58,34,NULL,'Possimus fuga aut quos animi et quam doloribus nesciunt. Sit asperiores eveniet quia illum dolor. Et eum repellat soluta consequatur magni quis et. Sed cumque cum tempora aperiam alias.',1,1,'1996-09-19 05:46:38'),(43,95,75,NULL,'Culpa facere nam explicabo qui. Enim nisi ut sed voluptatem animi iste. Consequatur molestiae et sit quaerat quia voluptas quis. Tenetur nihil culpa ut quo quas ipsa dolorum voluptatibus. Facilis officiis aliquid distinctio pariatur quos veniam.',1,1,'1979-02-22 18:12:12'),(44,90,23,NULL,'Nulla porro quo sit. Ipsum quasi fuga veritatis velit sed qui cumque voluptatem. Quam enim sapiente repellendus ipsam ut. Tenetur consequatur adipisci tenetur amet nihil architecto aliquid.',0,0,'1985-05-11 01:54:59'),(45,47,62,NULL,'Culpa fugit dolorum odio qui quasi. Qui ut ducimus fugiat corrupti culpa. Voluptatem debitis et sint vel nihil voluptatum. Perspiciatis enim officiis quia repellat facilis.',1,0,'1992-10-05 10:11:06'),(46,70,65,NULL,'Est asperiores qui ab cum et. Magni labore consectetur labore alias eaque. Maxime eos fuga nihil adipisci voluptatem.',0,1,'1988-10-15 11:39:39'),(47,15,76,NULL,'Tempora minus omnis ex commodi. Debitis qui animi ad et laboriosam occaecati. Error consequuntur nam non in omnis est quia.',1,0,'1994-03-18 14:42:55'),(48,38,61,NULL,'Voluptas cumque voluptas necessitatibus necessitatibus. Voluptatibus accusantium est eius doloribus iste eos. Ratione ullam dolorem aut laudantium quis sint rerum et. Quis nam aut aut neque exercitationem distinctio aut. Qui eveniet repellendus voluptatem omnis architecto quibusdam delectus.',0,0,'2004-01-09 00:45:26'),(49,90,67,NULL,'Perspiciatis aut et est doloribus qui eos. Error alias harum est est enim. At ducimus explicabo voluptas et sint quasi et.',0,1,'1995-09-23 08:45:26'),(50,63,14,NULL,'Exercitationem accusantium repellendus fuga laudantium quia quo sequi est. A totam culpa iure quia ut.',0,1,'1981-11-20 12:39:40'),(51,79,55,8,'Dolor libero qui quos nulla. Numquam delectus voluptas minus debitis et et non at. Sunt autem corrupti id sapiente quasi ut.',1,0,'2015-09-24 09:22:34'),(52,36,16,3,'Possimus laboriosam illum ducimus iure. Optio aut qui voluptatem. Autem nihil molestias magnam aut. Nostrum voluptatem sint aspernatur beatae autem est sequi.',0,0,'1999-08-29 08:24:33'),(53,72,12,4,'Assumenda ipsum ea voluptas suscipit nihil dolorum et. Est harum sit voluptatem debitis amet blanditiis. Voluptas quo qui adipisci maxime.',0,0,'1984-08-02 04:48:04'),(54,41,70,9,'Consequuntur nesciunt autem nam tempora. Aliquam aperiam ut incidunt. Repellat ut voluptatibus consectetur distinctio repellat consequatur nihil. Ut facere enim fugiat.',1,0,'2019-01-04 17:06:58'),(55,26,19,4,'Delectus eius itaque unde quisquam maiores id rerum esse. Perferendis sed omnis occaecati dolorum necessitatibus magnam esse. Optio voluptatibus blanditiis et et aut molestiae natus.',1,0,'2002-04-23 09:42:45'),(56,18,32,10,'Omnis dolore necessitatibus at aut et placeat distinctio. Sunt illo nemo est. Ullam accusantium atque labore recusandae nam.',0,0,'1973-12-05 09:09:19'),(57,4,27,8,'Facilis magnam aut est deserunt temporibus. Vel amet ab consequuntur dolores magni voluptate ut. Provident eum deleniti animi aliquid. Voluptatum excepturi nobis rerum odit vitae.',1,1,'1977-06-05 04:10:46'),(58,19,13,10,'Voluptas natus non qui dolorem voluptatem. Reprehenderit in nihil eos ut iusto ratione quam. Maiores est voluptas dolorum natus aut. Rem ut nulla omnis earum sed libero neque voluptas.',1,1,'1981-08-16 13:56:00'),(59,9,6,4,'Consequatur qui et sint error sed ut. Ea quia qui occaecati cupiditate nemo. Optio eos velit pariatur.',1,1,'1977-05-20 16:58:22'),(60,100,84,2,'Commodi temporibus minima qui quisquam. Voluptatum eum et possimus voluptates cum aliquam. Eum suscipit et consequatur iure. Autem suscipit qui explicabo et ea.',0,0,'1997-02-18 01:30:54'),(61,18,37,7,'Velit consequatur dignissimos voluptatum. Optio quia quam et consequuntur et repellat corporis.',0,0,'1997-07-06 02:21:49'),(62,31,45,10,'Qui quo ipsum vitae. Qui sapiente vero nisi esse quas deleniti. Totam provident a expedita omnis dolores magni. Quisquam omnis natus praesentium autem aliquam voluptatem voluptas.',1,0,'1986-07-29 21:13:23'),(63,32,25,6,'Eos qui quis quia sed ea doloribus. Vel hic debitis quaerat cupiditate aut deleniti et. Accusantium tempora est nihil neque. Ipsum quas quasi corporis et non ut corrupti.',1,0,'1976-09-20 00:26:35'),(64,29,70,10,'Perferendis tenetur excepturi consequuntur inventore maiores doloribus. Ut doloribus quis consequuntur et aut. Est aut vel et eveniet.',0,1,'2016-05-14 10:12:24'),(65,63,4,4,'Neque dolores eum cumque quia. Quis dolorem fuga distinctio. Facilis est ut est consectetur. Laudantium eum impedit omnis est harum.',0,0,'1974-04-05 10:31:52'),(66,30,38,6,'Laborum velit aut sit omnis. Deserunt tempore doloremque quam et. Quia voluptas nostrum quod voluptas deleniti sapiente natus.',1,0,'1972-10-05 00:51:15'),(67,99,82,9,'Esse velit ut rem qui. Molestias optio iste odio mollitia inventore sit.',1,0,'1994-09-25 21:59:03'),(68,11,9,5,'Vitae quasi minima facilis. Qui omnis ex et aut consequatur. Est ut officiis non quis placeat.',0,0,'2012-10-04 00:47:04'),(69,11,30,10,'Impedit consequatur enim quia provident. Et qui id tempora error exercitationem blanditiis. Magni recusandae eveniet reprehenderit et.',1,1,'2010-10-24 09:26:33'),(70,14,79,NULL,'Nostrum harum voluptates ad doloribus quam. Accusantium qui quisquam quia in. Qui nam eaque impedit fugiat alias expedita perferendis. Ea labore et libero quae.',0,0,'2013-05-10 23:39:17'),(71,52,25,NULL,'Repellendus nulla atque quibusdam sit. Dolores ut repellendus et provident qui reprehenderit numquam.',0,1,'1991-06-20 07:07:24'),(72,69,69,NULL,'Sed non qui sint sunt. Perferendis recusandae reprehenderit enim tempore cum occaecati dolores. Hic a rerum expedita a et.',1,1,'1990-08-18 08:58:11'),(73,36,75,NULL,'Quisquam atque fugiat praesentium. At ut aut ut saepe aut omnis harum. Vitae nisi quis sapiente provident et.',1,1,'2005-08-01 22:00:55'),(74,65,1,NULL,'Est qui reprehenderit possimus et eveniet doloremque. Assumenda ipsum quo aut in repellendus. Accusantium in ullam aut iure. Ratione quo quia est soluta cum occaecati aperiam deserunt.',0,0,'1990-04-22 14:17:30'),(75,10,44,NULL,'Ex laborum qui sed laboriosam natus. Iusto rerum tempore atque et. Assumenda similique veritatis animi qui laboriosam facilis.',0,0,'2009-12-18 02:16:58'),(76,91,24,NULL,'Sequi laudantium rerum repellendus reprehenderit quaerat ratione est. Deserunt quia minus qui totam quis quas. Commodi dolorum cupiditate quas et ut minima. Omnis ut facilis facilis commodi id architecto quo.',0,1,'2018-07-18 04:16:47'),(77,43,45,NULL,'Unde molestias nemo aut non aut. Iusto voluptates fuga quos quidem non. Odit sit occaecati assumenda.',1,0,'1991-01-06 17:06:11'),(78,95,41,NULL,'Vitae autem omnis enim autem. Non eligendi sit sunt nihil eum. Ipsam numquam dolorem minima dolore.',1,0,'1970-11-21 05:49:22'),(79,20,76,NULL,'Sed in quasi id minus aliquam ut repudiandae. Provident expedita aliquid et dolores debitis nisi. Molestiae suscipit quod magni voluptatem et doloribus.',1,0,'2006-03-11 19:09:39'),(80,18,61,NULL,'Id saepe cupiditate aspernatur nobis. Eum ut maxime error rerum placeat velit deserunt dolor. Voluptatem odit quis beatae sint sit quo. Magnam tempora eius ad vel nobis.',0,1,'2004-09-13 02:03:42'),(81,50,69,NULL,'Dolore reiciendis voluptatem velit ex maiores. Inventore distinctio beatae deleniti esse.',0,1,'1999-06-20 21:13:37'),(82,94,63,NULL,'Quia earum a sit magnam. Cupiditate quo odio corrupti eum. Tempora odit totam cumque nisi.',1,0,'2018-10-25 09:19:58'),(83,32,70,NULL,'Et quod sit enim quia et eveniet aut. Rerum nesciunt dicta natus blanditiis. Et voluptatem eum est labore consectetur rerum. Iure repellendus quos ex consectetur ut.',0,0,'2003-09-16 16:04:42'),(84,54,61,NULL,'Et omnis laboriosam blanditiis praesentium repudiandae. Sunt eum consequatur aut ut ratione. Quia rem rerum est reiciendis iure incidunt. Culpa et et laboriosam qui.',0,1,'2004-11-02 15:23:08'),(85,43,29,NULL,'Et nesciunt exercitationem rerum sit. Quae dolor sequi eveniet hic asperiores. Nulla aliquid placeat omnis sed mollitia dolorem aut. Provident qui tenetur laboriosam qui minima est.',1,0,'1995-08-28 20:43:01'),(86,16,93,NULL,'Dolores amet qui et cum et adipisci expedita. Soluta laboriosam laborum animi repellendus magnam. Culpa consectetur architecto vel inventore sapiente.',0,1,'1992-07-21 14:17:20'),(87,16,100,NULL,'Culpa et delectus odio provident nam culpa. Vel minus explicabo non autem qui. Officiis aut sit ea est quo ex est.',1,0,'1971-05-13 11:07:52'),(88,54,66,NULL,'Provident dicta velit sapiente rem dolorem illo pariatur. Aliquam iure ducimus voluptas quas consequatur tempora. Earum sit hic et tempora rem. Odio excepturi facere amet perspiciatis.',0,0,'1987-07-16 06:55:55'),(89,71,53,NULL,'Dolores rem dolore repudiandae ut aspernatur minus iusto. Odit excepturi sint pariatur et et exercitationem officia. Repellat nisi non qui et a. Labore rem et animi aut error.',0,0,'1971-07-22 18:37:55'),(90,55,14,NULL,'Nesciunt quis aut et ipsum reprehenderit tempora vitae nulla. Ad totam suscipit libero quia. Enim omnis enim unde et nemo a. Aut laudantium aut nemo amet. Dicta iusto eos laboriosam impedit nihil cum autem.',1,0,'2007-05-15 00:52:22'),(91,4,80,NULL,'Rerum eius molestiae nemo. Voluptas est blanditiis possimus quidem minus vero. Quod reiciendis voluptatem ipsum est est dolorem architecto.',0,1,'2012-10-30 19:17:52'),(92,86,88,NULL,'Odio molestiae ut id voluptas. Error molestias cupiditate autem qui non ea quo. Modi fuga vel quia autem et aut earum. Sed quos odit non non provident qui. Cum et neque est magnam aspernatur.',0,0,'1979-11-06 20:46:20'),(93,82,46,NULL,'Minus omnis recusandae praesentium optio aspernatur. Ut ipsam est iure nam eos.',0,0,'1970-07-13 23:53:59'),(94,84,82,NULL,'Occaecati cumque voluptas omnis sit. Et dicta nihil harum assumenda voluptas sit excepturi. Voluptate nisi voluptas ut. Ut iusto et hic quasi ex. Quibusdam ipsum qui deserunt dicta iusto quas dignissimos.',0,1,'2010-04-14 09:08:19'),(95,59,46,NULL,'Iste atque vel eum est. Qui ad ut nostrum ducimus assumenda iure non qui. Ut eaque aut cupiditate tempore labore dignissimos.',0,0,'1990-09-22 04:44:19'),(96,54,31,NULL,'Accusamus eum suscipit repellat omnis maxime consequuntur consequatur. Dolores consequuntur eum ea. Doloremque ut maxime nesciunt quisquam eos qui. Soluta architecto molestias harum eos.',1,1,'2013-12-27 02:29:36'),(97,93,72,NULL,'Cumque aut facere sit velit quo omnis. Nesciunt nulla autem temporibus est perferendis id dignissimos. Quia ut unde voluptatibus natus nobis facilis. Minima neque quia in.',1,1,'2014-11-22 23:38:38'),(98,78,76,NULL,'Consequuntur aut autem quibusdam non neque enim occaecati. Commodi expedita at id ea eos. Optio provident velit et odio corporis.',0,0,'1980-01-03 19:36:36'),(99,44,91,NULL,'Omnis sint ipsum voluptas eum. Velit libero exercitationem inventore corporis recusandae vero culpa. Ut necessitatibus omnis est nostrum consequatur voluptas. Rem et sed asperiores temporibus facilis tempore veniam tempora.',1,0,'1976-01-31 16:01:16'),(100,25,51,NULL,'Qui ut magnam id soluta sequi harum. Assumenda atque voluptatem et odio modi. Quia adipisci dolores ipsum cupiditate ex.',1,1,'2017-05-03 12:46:28');
/*!40000 ALTER TABLE `messages` ENABLE KEYS */;
UNLOCK TABLES;

--
-- Table structure for table `posts`
--

DROP TABLE IF EXISTS `posts`;
/*!40101 SET @saved_cs_client     = @@character_set_client */;
/*!50503 SET character_set_client = utf8mb4 */;
CREATE TABLE `posts` (
  `id` int unsigned NOT NULL AUTO_INCREMENT,
  `media_id` int unsigned DEFAULT NULL,
  `user_id` int unsigned NOT NULL,
  `head` varchar(255) CHARACTER SET utf8 COLLATE utf8_unicode_ci DEFAULT NULL,
  `body` mediumtext CHARACTER SET utf8 COLLATE utf8_unicode_ci,
  `created_at` datetime DEFAULT CURRENT_TIMESTAMP,
  `updated_at` datetime DEFAULT CURRENT_TIMESTAMP ON UPDATE CURRENT_TIMESTAMP,
  PRIMARY KEY (`id`)
) ENGINE=InnoDB AUTO_INCREMENT=101 DEFAULT CHARSET=utf8 COLLATE=utf8_unicode_ci;
/*!40101 SET character_set_client = @saved_cs_client */;

--
-- Dumping data for table `posts`
--

LOCK TABLES `posts` WRITE;
/*!40000 ALTER TABLE `posts` DISABLE KEYS */;
INSERT INTO `posts` VALUES (1,7,76,'Blanditiis est itaque reiciendis sit id. Ducimus placeat qui quaerat rerum tempore assumenda quasi exercitationem. Sunt molestiae odit et quisquam aut tempora.','Molestias et iusto officia sequi similique perferendis. Eum et enim eaque vel quia qui. Voluptatem sunt necessitatibus facilis qui pariatur itaque.','1992-07-25 19:35:26','2020-02-12 13:45:54'),(2,9,6,'Quaerat reiciendis sint cumque at sed exercitationem. Nobis nisi sed ut vel quae qui. Qui doloribus et unde ipsa necessitatibus. Debitis voluptatem deleniti animi.','Laboriosam natus debitis excepturi sit architecto fugit autem. Et alias voluptatem nulla molestiae quisquam ab autem.','2008-01-04 11:00:07','2020-02-12 13:45:54'),(3,7,26,'Alias tempora occaecati natus molestiae expedita corrupti. Harum natus necessitatibus dolor earum enim architecto aperiam. Et fugit et autem qui dolore quo. Sit vitae exercitationem ducimus dolores.','Quia esse qui alias neque quia ut. Omnis molestiae hic laboriosam sunt deserunt qui.','1970-09-01 03:37:19','2020-02-12 13:45:54'),(4,3,42,'Omnis aut maxime ut nobis amet molestiae. Modi odio aut labore sit perferendis. In et tempore magni similique ut.','Quia esse atque tempore ad. Consequatur qui esse incidunt velit consectetur et perspiciatis. Sed veniam necessitatibus est ut est quas.','2012-06-21 16:33:21','2020-02-12 13:45:54'),(5,4,58,'Quaerat autem at officiis nihil magnam voluptatem et. Accusantium autem aut sed tenetur porro molestiae quis. Consequatur error ea sit cum.','Consequatur quia necessitatibus non repudiandae officiis cupiditate. Sunt est dolorum nisi voluptatem reprehenderit facere. Facilis quae odit consequatur ut et temporibus. Deserunt sed molestiae ab at et.','1973-03-04 05:39:25','2020-02-12 13:45:54'),(6,8,24,'Velit nulla ut quia vero. Repellat quas recusandae nam. At exercitationem qui eum.','Ut rem ipsa placeat voluptatibus illum assumenda. Magni voluptatem ut consequatur et sed. Minima nesciunt repellendus quis labore aperiam quia odio. Amet maxime aut dolor sit corrupti.','2013-01-03 04:51:24','2020-02-12 13:45:54'),(7,9,33,'Iusto eos quae voluptas. Et quis aut unde quod. Explicabo consectetur incidunt libero autem. Maiores fugiat autem est.','Aut quam dolorem optio voluptas delectus et. Aut consequatur nesciunt ut repellendus quia commodi quis. Quo aut officia sit vero reiciendis consequatur soluta.','2016-03-17 11:32:41','2020-02-12 13:45:54'),(8,2,2,'Modi quo rem in et. Doloribus esse qui provident praesentium iste. Sed et veniam quis eveniet distinctio eos ut. Vero ut nisi accusantium.','Molestias accusantium veniam nesciunt rerum sequi. Nam ea voluptatem magni eos. Quia voluptate ut et sequi reiciendis maxime. Nemo vero quis consequatur magni.','1970-12-15 23:55:23','2020-02-12 13:45:54'),(9,5,29,'Velit quidem nemo corporis reprehenderit qui et. Consequatur et culpa at voluptatum. Odio eum et quis beatae sunt earum.','Dolorem fugit libero eveniet autem et porro. Debitis aut deleniti quidem ut. Aut eaque accusamus corrupti mollitia aspernatur. Ut qui maxime repellendus adipisci blanditiis distinctio.','1987-03-18 00:08:05','2020-02-12 13:45:54'),(10,1,23,'Sed enim voluptas excepturi expedita dolorum labore iste. Qui quo labore nostrum ipsa nihil.','Reiciendis ex et dicta laudantium consequuntur voluptatum. Enim culpa asperiores soluta molestiae ut totam at quidem. Ea unde aut blanditiis esse quas ratione. Autem nam eligendi placeat voluptatem cum et quis.','2015-06-27 18:44:46','2020-02-12 13:45:54'),(11,2,84,'Omnis qui molestias repellendus ullam eos laudantium doloremque ad. Officiis et est molestiae. Voluptatem voluptatem voluptas odit.','Totam repudiandae est earum sint. Minus consectetur est quisquam qui. Cum porro necessitatibus dignissimos consectetur voluptas corporis sit. Nostrum velit tempora sed voluptates. Quia tempore sint totam sequi officiis similique.','1972-02-03 05:39:52','2020-02-12 13:45:54'),(12,9,83,'Minima qui qui iure cumque voluptate. Et quis qui culpa vitae in beatae. Dolorem facilis vel voluptates quaerat qui. Veniam exercitationem molestiae autem.','Omnis rerum vero excepturi est ratione dolores. Maiores vitae nesciunt autem aliquam labore fugiat sed esse. Cupiditate veniam et dolorem temporibus.','1977-03-19 20:07:23','2020-02-12 13:45:54'),(13,6,7,'Accusantium id recusandae qui rerum. Quia quis dicta qui molestiae animi. Non delectus cum nihil qui sit magni placeat. Id accusantium corporis maxime quia ut voluptatem adipisci.','Eaque quia totam maxime cumque veritatis. Temporibus sed molestiae voluptatum eum natus. Expedita illo asperiores facere qui.','1971-02-21 18:55:26','2020-02-12 13:45:54'),(14,9,88,'Quis quo animi ea laboriosam est id non quam. Libero perspiciatis velit ratione sit ad.','Eius voluptatem dignissimos facilis rem excepturi quia neque. Est laborum ut nesciunt ut eum molestiae voluptatem. Quasi ipsum quos quibusdam incidunt aut nihil et.','1993-10-10 10:06:09','2020-02-12 13:45:54'),(15,10,11,'Sequi et voluptatem iure architecto. Sequi doloribus vitae quaerat. Ad omnis vero et voluptatum incidunt non qui.','Inventore fugiat atque ut aspernatur velit minima minus. Vero nulla dolore culpa debitis qui reiciendis voluptate. Eveniet laudantium in quo rem omnis.','2018-04-16 00:34:52','2020-02-12 13:45:54'),(16,7,2,'Laboriosam nam aliquid veniam modi sit. Illum labore quam quia tempore. Doloremque esse magnam dolores. Reprehenderit quas ipsam nam voluptatem dolor voluptates enim.','Quis id consectetur rem nisi est incidunt facilis. Consectetur tempore cum aut fuga. Neque molestiae sapiente adipisci eligendi magnam ipsum quam et. Labore eius officia dolorem aut enim aut molestiae.','1982-02-27 12:05:50','2020-02-12 13:45:54'),(17,1,45,'Dolores maiores voluptas nostrum ut minus vitae eligendi. Autem neque voluptas dolorum aut repudiandae consequuntur. Repellat qui assumenda fugit ut.','Consequatur corrupti quisquam earum sunt recusandae aut. Sint recusandae fugit nobis consequatur voluptatem.','1981-04-08 17:15:53','2020-02-12 13:45:54'),(18,10,20,'Quia provident sapiente voluptas quibusdam velit ea ab. Explicabo veniam aut incidunt optio nostrum. Ut et omnis non eveniet. Et voluptatem a itaque aut debitis nam.','Molestiae deserunt dolor dolores optio explicabo voluptatum provident. Vitae tempora repellendus reprehenderit officia. Delectus voluptatem rerum quisquam vitae non corrupti. Temporibus inventore earum consequuntur distinctio autem culpa est.','1970-04-23 18:50:13','2020-02-12 13:45:54'),(19,3,80,'Asperiores modi dolores voluptas non fugit debitis dicta. Ipsam sunt sunt aliquam voluptas eos molestias eos. Totam et quisquam quidem quae minima dolores et.','Similique eos voluptatibus repellendus omnis nihil. Corporis quia voluptates quis quia nisi enim.','1983-09-29 09:25:37','2020-02-12 13:45:54'),(20,2,34,'Quod corporis animi dolorum maxime. Molestiae animi rerum soluta ipsa. Nostrum consequatur eum magnam aliquam dolor tempore magni.','Eveniet sed beatae quia qui dolor similique deserunt. Sed ex aut perspiciatis deleniti et enim. Cum totam beatae veritatis excepturi. Magnam voluptatem autem autem maiores fuga autem explicabo.','1993-07-02 01:46:43','2020-02-12 13:45:54'),(21,3,19,'Ut iusto architecto sapiente sint assumenda adipisci sed. Consectetur beatae accusamus alias doloribus est in facilis. Consectetur dolores et beatae qui explicabo repudiandae.','Dolor provident ea incidunt ipsa aut delectus laboriosam nihil. Porro sed dolorum dignissimos molestiae non enim. In dolores repudiandae et aliquid.','1976-05-06 18:38:00','2020-02-12 13:45:54'),(22,2,43,'Tenetur voluptas dolorem quis velit quo non ipsum. Exercitationem voluptatem exercitationem quo harum quibusdam dolorem. Ipsam ut consequatur et voluptatum ipsum.','Et quod omnis sapiente id iste quia voluptatum. Enim vel quidem reiciendis et tempore. Fugit fugit nulla corrupti sunt sit quae. Qui quos numquam voluptas.','1991-02-15 15:59:22','2020-02-12 13:45:54'),(23,6,45,'Porro placeat natus est dignissimos. Id soluta libero architecto totam illum culpa corrupti cumque. Et quia unde qui molestiae rerum. Deserunt quo et temporibus fugit.','Cupiditate quia veniam saepe et labore. Voluptatum corrupti quisquam id ea eligendi eligendi. Quod dolorum officia non corporis.','1997-08-11 04:00:15','2020-02-12 13:45:54'),(24,6,59,'Eos tenetur aliquid impedit vel quis. Aut ab sit laboriosam aperiam amet. Explicabo ea eius voluptatibus expedita magni sit.','Nihil deleniti est nostrum adipisci fugiat perferendis. Laborum aut voluptas maxime iusto aut. Inventore enim quibusdam vero sit qui aut. Qui enim ea nisi hic sunt.','2019-05-16 06:34:25','2020-02-12 13:45:54'),(25,2,13,'Omnis cum explicabo eum consequuntur modi. Qui quis iusto asperiores harum et eum ullam modi. Necessitatibus autem animi nemo molestiae consequatur. Et numquam eos accusantium qui.','Est expedita ut eveniet quam. Aut aperiam qui minus voluptatem sed et numquam. Et culpa dicta debitis omnis et maiores temporibus dolor.','2004-03-15 21:29:56','2020-02-12 13:45:54'),(26,1,11,'Sit corrupti dolor recusandae corporis cum quia. Porro aperiam dolorem et velit iure exercitationem ratione. Optio inventore sint minus pariatur. Quisquam ut voluptate amet est et corrupti.','Non deserunt molestiae voluptatum unde sed repellendus. Maiores reprehenderit sint cumque est autem quia. Quibusdam reprehenderit non voluptatem deserunt ducimus dolorum est. Soluta itaque temporibus minima possimus pariatur.','2007-10-30 09:51:05','2020-02-12 13:45:54'),(27,3,91,'Deserunt distinctio maxime molestias vel. Similique est ipsum qui nisi sint. Molestias ut enim quia sed.','Dolor molestiae porro aperiam accusantium molestiae in. Sequi dolorem sint eligendi labore delectus. Porro possimus cupiditate minus ea corporis non enim. Vel id molestiae reprehenderit culpa et vero. Et temporibus repellat qui pariatur quam.','1975-01-01 06:27:17','2020-02-12 13:45:54'),(28,8,26,'Adipisci cupiditate veritatis quis. Et necessitatibus vitae autem laborum. Placeat qui nihil sequi odit.','Odio consequatur cupiditate sed magni. Repellat quis sapiente omnis tempora. Debitis aut nobis doloremque voluptas corporis eum. Aut corrupti ut ad. Aut eum velit id enim cumque esse amet.','2003-09-18 16:27:28','2020-02-12 13:45:54'),(29,9,73,'Quo assumenda quidem at. Veniam fugit sed nobis sunt. Qui dolor natus modi qui nostrum magnam natus molestiae.','Autem reiciendis dolorem impedit eos nihil. Soluta dolorum eum ex cumque. Sed occaecati laborum officia. Reprehenderit a eius architecto dignissimos et suscipit repudiandae.','2018-05-24 07:38:42','2020-02-12 13:45:54'),(30,10,48,'Sint aut impedit eos facere itaque qui doloribus vel. Est vero est temporibus iste iusto necessitatibus voluptas. Aperiam expedita magni quod dolorem dolor.','Molestiae necessitatibus at repellat quos voluptatem fuga est. Aut ea quis veritatis labore. Aliquam officiis quas expedita. Voluptates pariatur et ut dolores ducimus.','1976-06-22 01:51:56','2020-02-12 13:45:54'),(31,6,44,'Sed sint cumque voluptatem ut sit recusandae. Aut inventore quasi provident laborum eum alias. Ratione est non eos ullam vitae molestiae. Libero ut consequatur ut iure cupiditate dolorum ipsa.','Saepe et voluptas porro quia laudantium earum est. Laboriosam et et officia quo assumenda est quia. Officia aut rerum officiis.','1971-03-18 16:18:29','2020-02-12 13:45:54'),(32,5,97,'Quasi doloribus molestiae at culpa deserunt itaque. Soluta molestias qui et repudiandae est fugit aut eos. Et quidem veniam natus voluptatem.','Voluptatem est repellendus qui qui sed. Voluptatem voluptas quam quam ullam omnis molestiae aspernatur. Dolore esse iure ut cupiditate ea nostrum.','2019-02-26 19:00:25','2020-02-12 13:45:54'),(33,5,53,'Quis explicabo labore quasi iusto inventore quos. Molestiae deleniti tempore ea recusandae aperiam enim tempora quia. Hic veniam commodi inventore omnis nisi.','Modi qui accusantium officia. Et amet tenetur eligendi ut. Voluptatibus molestiae minus similique quo odio doloremque et.','2011-10-19 18:45:17','2020-02-12 13:45:54'),(34,2,34,'Ut natus odit id et qui. Unde molestiae libero voluptate non. Iure dolores libero et quia omnis explicabo. Molestias nihil officiis inventore rerum consequatur quibusdam.','Harum aperiam sunt dolores aut dolorem sequi et debitis. Molestias quasi repellat culpa unde labore dolores possimus nisi. Esse sit aut enim. In dignissimos quos deserunt quo deleniti et cupiditate.','2009-05-17 11:19:26','2020-02-12 13:45:54'),(35,2,61,'Quia voluptate maiores earum ut ipsam blanditiis qui amet. Facere debitis eius voluptatum et commodi aut qui itaque. Explicabo magni ducimus consequatur commodi sequi. Aut deleniti assumenda ut et.','Pariatur necessitatibus porro omnis et minus mollitia provident. Neque nam velit dolores nisi enim et. Ut debitis atque placeat sit quis quo itaque ut. Est maxime voluptas quis dignissimos.','2000-11-21 19:18:36','2020-02-12 13:45:54'),(36,7,50,'Quo ratione quas qui consectetur accusamus corporis. Eos hic veniam non sint. Sed ipsam totam eligendi nemo qui nobis ex aperiam. Doloremque omnis et non qui rerum ducimus sed doloremque.','Enim ipsa praesentium quibusdam placeat facilis. Animi alias illo est illum beatae qui. Ipsam et fugit quia non dolores explicabo. Provident quibusdam dolorum sed non.','1982-09-28 03:11:16','2020-02-12 13:45:54'),(37,5,97,'Quasi eaque est iure sit nobis. Quidem nobis in et aut. In aspernatur quo vel nam est unde.\nQuod eligendi error aut aliquam repudiandae et. Delectus nesciunt dolor eaque nesciunt.','Consequatur sed vel vero eum. Quod et doloribus animi enim et quidem tempore. Nostrum omnis voluptas et ea ea sed assumenda. Consequatur tenetur aliquid corporis modi quibusdam cumque.','1995-12-23 07:53:27','2020-02-12 13:45:54'),(38,4,87,'Id deleniti quis occaecati repudiandae. Nam doloremque earum veritatis praesentium aspernatur tenetur rem est. Ea libero nihil dolore est maiores facilis enim. Dolor quo veniam ex rerum.','Voluptatem maxime cumque quidem tempore. Odit quam aut assumenda deleniti id. Modi ut sequi et rerum quia et non adipisci.','1980-01-17 14:17:24','2020-02-12 13:45:54'),(39,3,71,'Quasi non at voluptatibus et deserunt ea sunt est. Amet quae atque numquam ipsum cumque.','Dignissimos quidem omnis ea optio et. Harum consequuntur molestias perspiciatis doloremque error adipisci dolores.','1983-01-27 09:01:58','2020-02-12 13:45:54'),(40,8,55,'Aut quam mollitia sint sequi. Ut unde rerum rerum consequuntur non eum aut. Soluta quia aut repellendus. Est eos nemo non iure non voluptatum.','Voluptatem facilis nostrum veritatis voluptatibus. Qui amet optio nemo deleniti veniam amet. Quas iste voluptatem impedit est. Qui vel voluptatibus aut libero.','2001-04-19 03:44:11','2020-02-12 13:45:54'),(41,6,11,'Dolores possimus perspiciatis aut. Ratione accusamus explicabo est est quae consequatur autem enim.\nIllo vel repudiandae id culpa nam consequatur aperiam. Rerum animi repudiandae quasi est qui omnis.','Molestiae non voluptatem voluptas deserunt. Rerum reiciendis accusantium distinctio. Rerum corporis et aut est.','2017-10-31 09:35:12','2020-02-12 13:45:54'),(42,9,13,'Ducimus cum quia debitis sunt. Animi minus dolores dolor est dignissimos. Ad commodi dolorem quis provident voluptatem qui.','Culpa non quo distinctio consequatur officia omnis nam sed. Qui autem tempora doloribus. Quia unde ipsa id exercitationem. Est et nam voluptatem dolorum voluptatum ea.','2001-03-31 07:42:41','2020-02-12 13:45:54'),(43,10,45,'Qui beatae earum et et. Cumque sed nisi labore sed. Quod corrupti fugiat qui.','Autem eligendi praesentium corporis pariatur inventore. Architecto corrupti pariatur non nobis aliquam maiores. Quo minima fugiat illum laborum. Et sit in perferendis pariatur sunt doloremque.','1984-10-21 20:53:37','2020-02-12 13:45:54'),(44,4,31,'Quo aut molestiae vero omnis. Dolor sit iure est blanditiis ut. Ad ex non optio et.\nOmnis sit maxime praesentium quia vero exercitationem at quas. Cum eligendi cupiditate inventore.','Harum autem qui sint qui et eos rerum non. Illum ducimus voluptates adipisci eos. Nihil animi ut ratione doloremque et quo dolores. Officiis quisquam aliquid ducimus molestiae aut.','2017-01-25 05:49:17','2020-02-12 13:45:54'),(45,6,84,'Error ratione aperiam ea incidunt nobis facere repellat at. Voluptatem nihil quod quisquam facere quibusdam. Neque temporibus dolor sit praesentium.','Distinctio rerum quaerat maxime ipsa similique explicabo unde. Ab nihil quidem et id aut. Ipsam qui suscipit cum qui.','1982-07-15 11:38:31','2020-02-12 13:45:54'),(46,6,15,'Labore doloribus amet consequatur quisquam nulla. Quia molestiae eaque pariatur eum sint voluptatem quia ad. Aut porro a qui non ratione dolor.','Exercitationem laudantium assumenda reprehenderit consequatur dolores tempora. Iusto id sit nihil odit in labore libero tempore. Officiis cum voluptatum voluptatum eum corrupti aliquam perspiciatis.','2016-05-17 01:40:15','2020-02-12 13:45:54'),(47,2,14,'Sed inventore velit et eum eius placeat. Quia praesentium et consectetur illo praesentium amet sapiente. Omnis non vel ex quo aut ad soluta.','Sequi ab quia voluptatem sit rem. Et voluptatum ipsa error neque est molestias quisquam non. Et ad quaerat est dolores.','1991-05-12 16:18:38','2020-02-12 13:45:54'),(48,4,24,'Qui sint eum id quis tempore doloremque. Debitis qui ea laborum officiis.\nReiciendis totam repellat commodi et omnis facere quam. Excepturi iusto quam ex. Nostrum nihil ipsum ipsum.','Suscipit beatae nihil iste autem neque dolorem dignissimos est. Quasi corporis ut ratione exercitationem quam laborum. Et perferendis saepe tenetur sapiente reprehenderit autem in. Est quia est corrupti deleniti voluptas.','2000-11-29 01:33:06','2020-02-12 13:45:54'),(49,2,29,'Nesciunt dicta est veniam aperiam. Consequatur sequi sunt consequatur perspiciatis.','Rerum autem deserunt et sunt hic veniam aliquid. Ex nobis error ex praesentium illum cupiditate. Voluptas voluptatibus repellendus omnis quisquam.','1986-04-06 04:51:00','2020-02-12 13:45:54'),(50,9,38,'Odio a expedita sit impedit sint. Fuga et doloremque quisquam accusamus ipsum error voluptas.\nSunt ut velit nemo enim qui. Repudiandae illo vitae esse odit sunt eum. Quia dolores consequatur magnam.','Dolores aut laboriosam dolores cumque ipsa eos incidunt. Dolorem autem aut ab laudantium quam aut exercitationem. Qui eligendi numquam quos.','2005-09-13 02:07:32','2020-02-12 13:45:54'),(51,4,57,'Aut aspernatur harum sed consequatur esse. Quae minus dolores qui blanditiis voluptatibus aut quidem. Consequatur quidem velit porro rem ea beatae. Sed eum voluptatem aliquid dolorem.','Reprehenderit porro omnis natus. Libero possimus quisquam voluptas ut minima aut asperiores et. Quasi commodi eius ipsum aliquam laudantium perferendis esse.','2002-11-20 08:37:51','2020-02-12 13:45:54'),(52,9,35,'Quia ratione nobis magni recusandae modi iusto provident eius. Sint et magnam possimus natus. Assumenda neque autem et sint illum.','Voluptate dolor consequatur et est dolorem nostrum eaque sed. Ea amet minima id a aut. Officia ut error repellendus officia. Neque qui laudantium cum nulla voluptatem unde.','1977-01-30 11:38:15','2020-02-12 13:45:54'),(53,4,49,'Aliquid adipisci id aut. Sit vel quos repudiandae natus voluptates ut sequi. Dignissimos odio cumque corporis distinctio qui labore aspernatur.','Modi expedita excepturi omnis excepturi accusantium ipsum corporis rem. Fuga velit iure dolorum et voluptatem cum. Et cum consectetur officiis. At inventore vero dolorem sint.','2010-08-16 03:36:16','2020-02-12 13:45:54'),(54,6,11,'Distinctio soluta sit voluptatum unde sed. Magni et dolorem nihil voluptatibus.','Qui qui magnam corporis voluptates odio. Sed dolore non sequi et ad nostrum est voluptatibus. Est laudantium maiores possimus dicta.','1993-02-16 18:50:25','2020-02-12 13:45:54'),(55,10,61,'Quibusdam consequuntur voluptates adipisci vel sed et. Earum aperiam voluptas neque sed possimus molestiae quos. Illum illum aut ipsa dolore ipsa.','Nulla in quo corrupti magni vero. Cum libero et dicta aspernatur vel nisi. Reprehenderit facilis consequatur fugit necessitatibus. Autem a autem nihil pariatur corrupti.','1997-05-03 20:43:55','2020-02-12 13:45:54'),(56,1,51,'Enim eum aspernatur iure perferendis earum. Ut sint alias et numquam sint totam. Velit quis commodi vel nobis.','Dolore corporis perferendis alias qui est consequatur dolores. Voluptas excepturi numquam ut expedita dignissimos. Tempore voluptatibus ipsa occaecati eligendi aperiam. Suscipit qui sint libero et.','1977-06-09 23:44:17','2020-02-12 13:45:54'),(57,4,16,'Quia tenetur repellat sit impedit. In aut laborum quas ea vel vero. Accusantium sapiente minima quibusdam magnam repellat. Sit in repellat repellat mollitia quasi necessitatibus occaecati.','Quae id modi eos molestiae deserunt a consectetur. Quis sunt inventore qui mollitia. Tenetur dicta in non velit a voluptatem impedit pariatur. Ut dolores doloremque nesciunt vitae saepe accusamus.','1990-12-26 13:54:36','2020-02-12 13:45:54'),(58,8,39,'Ratione eum et accusantium non dolorem commodi sed rem. Neque adipisci veritatis sit dolores. Corrupti quaerat omnis aut perferendis in provident fuga.','Omnis reiciendis qui voluptates nihil non. Et cumque mollitia quibusdam omnis error. Fugiat optio assumenda nemo voluptatem provident sint deleniti.','2019-08-05 10:47:37','2020-02-12 13:45:54'),(59,7,1,'Sunt eaque repudiandae architecto et. Rerum autem quia optio sint. Alias dolor necessitatibus soluta. Totam suscipit eos sit quos aut.','Voluptatibus consequatur voluptatem saepe doloribus explicabo commodi sit. Alias sint quia et incidunt. Vel vero nemo omnis quidem amet ut. Et sed quisquam magnam porro dolores quaerat magnam velit.','2000-05-04 14:48:29','2020-02-12 13:45:54'),(60,2,57,'Placeat sequi et ut nulla aut ipsa. Vero et voluptatem enim voluptatem suscipit repudiandae. Fuga eos aspernatur minus rem dolorem. Maxime reiciendis est ratione.','Beatae repudiandae ullam molestias non quo. Necessitatibus a aliquid esse est ducimus. In nisi sint minus.','1982-12-15 04:30:32','2020-02-12 13:45:54'),(61,5,70,'Voluptatem non officiis omnis sunt quia rem. Id consequatur odit voluptates perspiciatis voluptatibus consequuntur eligendi at. Amet et culpa qui deserunt.','Et rerum a vitae ut libero. Veritatis ea molestiae quia sint repellat consequatur. Quidem voluptatem rerum exercitationem ut laboriosam. Maiores quis quia nulla ducimus enim accusamus et.','2006-08-02 06:03:49','2020-02-12 13:45:54'),(62,1,6,'Aliquam asperiores et dolorem dolor. Repellendus quam et alias distinctio neque voluptatem enim. Sunt reprehenderit quod velit quia.','Blanditiis amet reprehenderit dolorum velit ipsam praesentium doloremque. Perspiciatis omnis dolorem ad ipsam. Voluptas consequuntur nisi ut et tenetur inventore eligendi ipsa.','1986-10-24 22:34:42','2020-02-12 13:45:54'),(63,3,90,'Ea qui voluptas in voluptatem aut. Autem saepe officiis quis quia amet maxime.','Tenetur placeat aut doloribus reprehenderit quos quod. Quia aut similique molestiae voluptas veniam atque sed. Iste ad a sint voluptatibus tenetur. Ipsum voluptates magnam a enim dolor voluptatem dolor placeat.','1995-10-16 00:21:55','2020-02-12 13:45:54'),(64,9,49,'Occaecati quia laboriosam laudantium enim. Deserunt quod officiis qui officia quia earum alias sit. Optio eveniet dolor blanditiis temporibus fuga. Dolor blanditiis dolores in quos.','Non consequuntur eius maiores sequi. Quo magni odit eveniet laudantium est.','2002-02-13 05:14:13','2020-02-12 13:45:54'),(65,10,17,'Id velit exercitationem quo eum itaque. Soluta sed neque possimus sequi. Reprehenderit porro molestias qui harum dicta aut saepe. Quia autem quo et repudiandae quibusdam.','Enim laudantium est earum neque. Praesentium nihil accusantium totam facere. Quod voluptates rem est illo ea maxime exercitationem. Hic similique accusamus eos.','1993-05-11 08:48:41','2020-02-12 13:45:54'),(66,1,82,'Impedit ratione et provident. Fugiat excepturi ipsam maxime vel possimus. Laboriosam sit voluptatem laborum temporibus maiores ab animi.','Corrupti est voluptatem dolore quia temporibus corrupti dolorum. Dolorum voluptas magni possimus laborum veritatis modi. Aut minima at ipsum molestiae ipsa ut. Quibusdam tempore eos saepe deleniti similique.','2000-12-25 14:45:55','2020-02-12 13:45:54'),(67,10,6,'Suscipit neque ratione et neque dolores architecto eligendi. At ut vitae id repellat ea occaecati ullam. Odit dolores sint atque ipsam tenetur.','Expedita et optio autem. Accusamus illum rerum ut reprehenderit.','2001-03-10 18:51:30','2020-02-12 13:45:54'),(68,6,67,'Suscipit sint rerum et corporis commodi sunt. Corrupti nihil quod voluptatem inventore nihil. Aliquam aliquid inventore eaque aperiam.','Aspernatur ut velit aut ut earum quos provident eos. Laudantium quos odio rem maxime enim. Omnis non molestias commodi qui quae.','2012-05-31 09:48:06','2020-02-12 13:45:54'),(69,7,8,'Culpa minus aut sit et. Amet facere dolore sed voluptas et commodi. Non sit consectetur voluptas molestias. Aut qui libero ut facere maxime mollitia alias.','Corrupti porro repellendus illo placeat repellat omnis eos. Est nemo rerum ad ut ducimus. Aut sed numquam nisi labore et sapiente.','1988-08-21 05:51:44','2020-02-12 13:45:54'),(70,6,55,'Ab nisi qui dolorem consequatur id consectetur. Vero impedit animi explicabo. Odit fugit quasi et laboriosam dolor. Necessitatibus sunt adipisci consequatur optio blanditiis veniam.','Nihil doloremque ut fugit totam voluptas est. Aut vel praesentium rem modi mollitia eius et harum. Explicabo odit quia modi aliquid mollitia. Deleniti et occaecati perferendis deleniti.','1980-01-17 18:32:32','2020-02-12 13:45:54'),(71,1,71,'Possimus minima iure neque quod porro adipisci voluptatem nesciunt. Optio architecto vero dolor voluptas et dolores. Eveniet exercitationem deleniti commodi sit velit.','Aut modi voluptatem eos sequi ea quam. Possimus alias incidunt nihil illo aut non quia. Est hic aspernatur consequatur corrupti quibusdam est unde rem. Voluptate blanditiis incidunt sed similique dolorem quidem. Autem nesciunt reiciendis molestiae.','2017-02-25 16:23:30','2020-02-12 13:45:54'),(72,4,43,'Porro et est et iusto officia. Voluptas quis totam occaecati quasi optio aut excepturi. Nihil non neque non ex.','Et voluptates rerum architecto ut quod et qui. Est ab sed dolore. Vel quo officia sint minus tempora quasi necessitatibus at. Pariatur saepe saepe autem sapiente et vitae sed eos.','2018-05-31 15:52:24','2020-02-12 13:45:54'),(73,3,78,'Eaque est vero dolores rem quas delectus. Quia non repellat iste dolor aut dicta aspernatur.\nAut suscipit optio eum libero adipisci. Non nesciunt neque recusandae aliquid et omnis aut.','Aut ut maiores nesciunt est ut fugit. Dolorem consequatur commodi delectus saepe eligendi aut. Sunt aut rerum autem placeat nihil quidem. Non optio qui voluptatem quia.','1993-11-22 21:33:40','2020-02-12 13:45:54'),(74,3,94,'Enim quia occaecati nobis ut et totam. Blanditiis in nemo numquam asperiores qui distinctio similique.','Cumque voluptatem necessitatibus labore cum totam ipsa consequatur. Et alias sit sed dolor enim. Laborum libero mollitia illum distinctio cumque. Ut soluta ad architecto autem voluptas consequuntur.','1992-01-28 10:10:49','2020-02-12 13:45:54'),(75,9,70,'Autem nesciunt sunt asperiores et. Debitis quasi sed ut eveniet ut similique voluptatum. Dolores harum perferendis suscipit similique voluptas voluptatem.','Id et et ducimus laudantium id et dolorum ipsa. Veritatis necessitatibus quae iusto quos officia. Accusantium itaque ut eaque sed dolores repudiandae. Non fuga velit voluptatum sed.','2009-05-11 09:59:12','2020-02-12 13:45:54'),(76,8,90,'Qui qui nulla totam ea iste odit. Autem dolores similique veritatis quia eveniet minima. Magni ea rerum qui.','Ut qui reprehenderit amet et ut. Esse ab eaque dolorem nulla est quos est. Nostrum tenetur placeat itaque veniam molestiae molestiae quidem.','1986-03-14 22:32:23','2020-02-12 13:45:54'),(77,1,64,'Natus rerum rerum amet dolor et temporibus. Autem voluptates minima deserunt facere officia corporis quae. Nulla a enim nam ducimus. Tempore tenetur totam assumenda ipsum quod doloremque et.','Commodi corporis dignissimos ab voluptatem quam quis occaecati. Non ea necessitatibus distinctio repellat eius. Et accusantium ut perferendis est. Ipsam delectus id ut consequatur modi.','2003-07-20 20:07:52','2020-02-12 13:45:54'),(78,1,14,'Itaque est numquam quasi voluptas voluptatem est id. Saepe natus nulla illo sed ipsam nesciunt.','Eos officia consequatur necessitatibus facere. Quos occaecati tempora culpa est natus. Est ducimus tempora tempore quasi sed necessitatibus qui. Saepe non dolorum rerum repudiandae sit.','1989-06-25 18:52:02','2020-02-12 13:45:54'),(79,7,78,'Architecto earum dolores distinctio. Voluptas enim aliquid ut doloremque vel et excepturi. Molestiae quia distinctio iste numquam aut sunt nesciunt. Eaque quod quia adipisci ad nobis quo.','Et doloremque aspernatur autem laudantium. Eius dolorum similique illum hic ut ut. Sunt qui molestiae consequatur non dolores non.','2018-04-05 07:33:17','2020-02-12 13:45:54'),(80,10,60,'Et eos nulla ratione temporibus iusto corporis. Sed rem a doloremque modi quam. Recusandae officiis est enim sit praesentium.','Est qui sunt labore sunt ex cum omnis quia. Corrupti sed placeat animi quia dignissimos distinctio. Ea amet voluptatem est neque ipsum et. Dolorem quidem id laudantium et omnis suscipit dolorem.','1971-10-27 23:29:28','2020-02-12 13:45:54'),(81,10,22,'Itaque est aliquam temporibus. Architecto quia sit repudiandae voluptas facilis dolorem. Est est deserunt et nesciunt sit deserunt quis. Et quidem vel quis illum vel.','Asperiores illo ut nisi magnam voluptatem. Quam incidunt ut distinctio et et qui ut. Eveniet perspiciatis suscipit ut velit aspernatur deserunt repellat. Deleniti repudiandae ratione porro illum qui aut repellat. Autem ipsam sed eos.','1985-05-04 13:19:24','2020-02-12 13:45:54'),(82,1,75,'Natus dolor fugit dolore ea reprehenderit. Ut perferendis pariatur cum error minima facere. Sunt voluptas optio eum id aliquid ut occaecati qui.','Et eos ratione ut. Ipsam laborum maiores deserunt voluptatem voluptas. Eos aut natus animi aut voluptatum.','1978-07-10 10:58:36','2020-02-12 13:45:54'),(83,5,15,'Eos et doloribus veniam aut perspiciatis omnis. Ut ducimus dolores impedit id ipsum voluptas omnis. Numquam cum voluptatibus dolorem similique.','Voluptas vel saepe vel vero quis. Fuga earum a autem natus amet.','1994-02-15 16:06:12','2020-02-12 13:45:54'),(84,4,11,'Eligendi non eligendi voluptatibus provident itaque. Quidem veniam neque nesciunt dolore esse. Fuga accusamus ex non sunt.','Velit accusantium dicta expedita et et ex odit. Voluptatem sunt id incidunt repellendus deleniti facilis. Dolorem amet consequatur deleniti aspernatur voluptas at. Qui qui reiciendis sed ut.','2002-05-06 16:34:26','2020-02-12 13:45:54'),(85,6,67,'Cupiditate perferendis harum voluptates et dicta. Magni voluptates modi a repellat. Ipsam quia aliquid accusamus ea et temporibus qui.','Nesciunt cumque suscipit voluptatem deleniti tenetur perspiciatis aspernatur. Dolorem est sed eum est. Iusto id sequi nihil excepturi pariatur. Odio commodi neque quia voluptates nemo nihil est.','2017-05-28 14:23:31','2020-02-12 13:45:54'),(86,6,69,'Rerum cum quaerat rerum quia. Ex sed omnis unde blanditiis consequuntur. Dolor cupiditate cupiditate repellendus expedita qui aliquam suscipit.','Quia non voluptas harum sed veritatis sint. Quibusdam ea accusantium quasi rerum qui dolores culpa sit. Alias modi facilis ab eaque facilis architecto.','1996-11-12 01:41:04','2020-02-12 13:45:54'),(87,9,4,'Et occaecati odio debitis ullam a. Debitis incidunt consequuntur minima debitis voluptatem officiis blanditiis totam. Ipsa voluptatem ea ex nihil autem.','Quisquam nam eaque consequatur dignissimos eaque numquam commodi. Exercitationem rerum iste sed. Necessitatibus ut et sed et exercitationem.','2006-08-18 05:37:08','2020-02-12 13:45:54'),(88,8,58,'Sunt quibusdam in ad asperiores velit sunt. Maiores laudantium minus dolorem officia sunt qui aut. Dolor voluptas quos sed qui quia aut qui. Totam odit reiciendis est dicta ex ratione sunt.','Neque dolor voluptatum vel. Tempora cum et vel rerum hic. Laudantium rerum corrupti voluptatem voluptas iste. Laborum vel recusandae dolorem corrupti.','1978-04-10 03:19:03','2020-02-12 13:45:54'),(89,7,60,'Ad et est facilis itaque tempore sunt architecto. Ratione eum accusantium et omnis voluptatem. Perspiciatis voluptatem incidunt similique.','Aliquam et consequuntur est ut nostrum. Ut eum voluptate veritatis id earum rerum sed. Dolorem facere quia facilis.','2005-02-20 09:42:53','2020-02-12 13:45:54'),(90,10,6,'Dolorem ut cum minima alias quia reiciendis. Qui doloremque dolor cupiditate dignissimos ex aut. Ratione rem libero eos eos et et sequi. Dolor neque dolor voluptatum est.','Quis debitis vero et mollitia. Nam ut expedita ad amet. Cumque quia non voluptatibus sint.','1992-07-22 06:43:00','2020-02-12 13:45:54'),(91,4,80,'Non consectetur ipsam voluptates mollitia iure accusamus qui. Doloremque quidem cumque perspiciatis blanditiis nostrum occaecati non.','Iure adipisci dicta mollitia ipsa enim error. Neque consequatur beatae et commodi iusto. Voluptas aliquam ducimus ratione provident ab provident illo. Voluptates qui voluptatibus est.','2016-01-09 19:42:41','2020-02-12 13:45:54'),(92,8,52,'Ducimus culpa dolor nihil. Reprehenderit dolorum nihil architecto sed sit consequuntur sequi. Aperiam nemo sequi veniam sed sit quam eveniet. Voluptatum iusto voluptatem sed aliquam.','Iure maiores sapiente nulla ut dolore ut dolores numquam. Tenetur est debitis adipisci et ipsum incidunt hic. Officiis autem sint natus eos. Ratione aut doloremque laudantium.','1989-05-11 14:13:00','2020-02-12 13:45:54'),(93,3,71,'Ipsam quisquam placeat facere architecto. Delectus doloremque maxime ipsam ut suscipit dignissimos corrupti. Sit mollitia possimus qui id tempore magnam.','Expedita illum iste qui. Atque corporis consequatur voluptatem iure quia. Aut sunt facere aspernatur dolorum qui modi repudiandae.','1995-04-20 11:07:12','2020-02-12 13:45:54'),(94,8,76,'Quo est praesentium id rerum possimus. Est expedita voluptatem quae facere quaerat nulla error. Sit ea consectetur dolores eligendi labore vitae. Consequatur sapiente optio quam et quia at.','Voluptatum magnam fugit dolores autem quasi. Expedita voluptatibus repudiandae amet mollitia quidem suscipit autem. Aut voluptas dignissimos dolor quia. Aut nihil beatae nihil ipsa.','1978-05-30 01:02:04','2020-02-12 13:45:54'),(95,5,100,'Sed earum quibusdam cumque et. Repellat natus ipsum molestiae non. Libero dignissimos ducimus quia harum. Et non velit minima cum omnis et voluptatem.','Dolore officia enim cupiditate. Eum distinctio odit sequi consequatur reiciendis. Reprehenderit itaque ut corporis ex expedita minus veritatis quo.','2003-12-21 02:35:41','2020-02-12 13:45:54'),(96,7,18,'Sed impedit molestiae cumque architecto aut aut aut. Rerum adipisci nihil quos aut commodi exercitationem eum praesentium. Sed harum qui et in est.','Alias eos et quia ullam. Dolor et ex magni aut et veritatis. Ut non dolore non blanditiis.','2011-08-31 17:57:51','2020-02-12 13:45:54'),(97,10,40,'Est consequuntur dolores rerum ab et rem ut. Incidunt minus quaerat beatae. Enim sequi quas sed.','Id nam hic assumenda non asperiores. Unde maiores tempora quisquam id. Numquam asperiores dolorem ipsa debitis assumenda. Vitae velit odit iure sunt aspernatur.','2000-08-15 10:05:20','2020-02-12 13:45:54'),(98,1,92,'Perferendis debitis optio voluptas ea esse. Quia voluptatem quae fuga est. Maiores sunt quae impedit et autem. Fugit suscipit dolor laboriosam non molestias ut.','Quos deleniti hic quia ut ullam cupiditate. Nobis sed rerum delectus voluptatem sed accusantium consectetur. Rerum sit in hic iusto necessitatibus voluptatem. In natus rerum inventore ut deserunt.','1983-02-17 11:20:26','2020-02-12 13:45:54'),(99,6,85,'Fuga consequatur maxime omnis id ad. Occaecati rerum aut sed ipsam itaque provident. Delectus aut consequatur ipsam eaque et voluptatem.','Quo cum incidunt maxime vel id. Est optio rerum nihil modi odit fugit. Quisquam rerum neque vel provident.','2005-08-06 05:24:16','2020-02-12 13:45:54'),(100,7,80,'Quia dolorem sit et quia ut non numquam. Qui doloremque doloribus deleniti consequatur cupiditate quia. Fugiat incidunt eum aut.','Voluptatem vitae omnis impedit et quibusdam. Sunt magnam ut id minus maiores aut.','2006-02-21 16:13:52','2020-02-12 13:45:54');
/*!40000 ALTER TABLE `posts` ENABLE KEYS */;
UNLOCK TABLES;

--
-- Table structure for table `profiles`
--

DROP TABLE IF EXISTS `profiles`;
/*!40101 SET @saved_cs_client     = @@character_set_client */;
/*!50503 SET character_set_client = utf8mb4 */;
CREATE TABLE `profiles` (
  `birthdate` date DEFAULT NULL,
  `sex` char(1) CHARACTER SET utf8 COLLATE utf8_unicode_ci NOT NULL,
  `hometown` varchar(100) CHARACTER SET utf8 COLLATE utf8_unicode_ci DEFAULT NULL,
  `country` varchar(100) CHARACTER SET utf8 COLLATE utf8_unicode_ci DEFAULT NULL,
  `photo_id` int unsigned DEFAULT NULL,
  `created_at` datetime DEFAULT CURRENT_TIMESTAMP,
  `updated_at` datetime DEFAULT CURRENT_TIMESTAMP ON UPDATE CURRENT_TIMESTAMP,
  `user_id` int DEFAULT NULL
) ENGINE=InnoDB DEFAULT CHARSET=utf8 COLLATE=utf8_unicode_ci;
/*!40101 SET character_set_client = @saved_cs_client */;

--
-- Dumping data for table `profiles`
--

LOCK TABLES `profiles` WRITE;
/*!40000 ALTER TABLE `profiles` DISABLE KEYS */;
INSERT INTO `profiles` VALUES ('1976-09-16','m','North Demarcoville','Puerto Rico',75,'2002-09-13 06:04:54','2020-02-12 13:14:33',86),('1979-08-10','m','Lake Sydney','Tokelau',20,'1989-10-29 22:39:37','2020-02-12 13:14:33',94),('2011-02-21','m','North Jadon','South Africa',72,'2002-03-11 19:16:30','2020-02-12 13:14:33',10),('1974-07-16','m','Buckridgeberg','Armenia',3,'1992-01-23 08:21:48','2020-02-12 13:14:33',67),('2001-06-22','f','Donnaberg','Romania',99,'1976-08-06 11:57:43','2020-02-12 13:14:33',5),('2010-09-28','m','Palmaburgh','Bangladesh',82,'1990-04-29 00:15:59','2020-02-12 13:14:33',22),('1982-08-10','m','West Edwardo','Sri Lanka',16,'1995-03-20 02:09:22','2020-02-12 13:14:33',97),('1981-10-07','m','Pfannerstillburgh','Svalbard & Jan Mayen Islands',33,'2002-01-08 15:47:27','2020-02-12 13:14:33',17),('2019-01-25','f','East Gia','New Zealand',15,'1998-07-28 01:52:14','2020-02-12 13:14:33',95),('2019-04-24','m','Camronview','Italy',78,'2006-03-11 23:49:55','2020-02-12 13:14:33',22),('1972-12-08','m','Gisselleburgh','Norfolk Island',43,'1983-08-02 06:49:11','2020-02-12 13:14:33',25),('2002-06-27','f','Lake Luigi','Suriname',82,'1973-02-01 13:24:13','2020-02-12 13:14:33',59),('2000-10-22','f','Josefinashire','Montenegro',81,'1997-06-14 21:12:54','2020-02-12 13:14:33',18),('2020-01-03','f','North Jewellfurt','Mauritania',55,'1990-02-20 15:27:39','2020-02-12 13:14:33',13),('2019-02-24','m','North Ariannatown','Andorra',35,'1971-12-29 10:33:50','2020-02-12 13:14:33',12),('1992-07-15','f','Padbergview','Congo',8,'2011-02-12 11:06:39','2020-02-12 13:14:33',18),('1973-03-31','f','Sawaynshire','Cote d\'Ivoire',35,'2004-10-06 17:14:24','2020-02-12 13:14:33',56),('1976-07-31','m','Rosaleefurt','Lebanon',50,'1983-11-04 09:55:55','2020-02-12 13:14:33',25),('1989-04-16','f','Mayertport','Aruba',44,'2019-11-15 17:06:09','2020-02-12 13:14:33',56),('1982-09-12','f','Aaronville','South Africa',71,'2013-01-27 16:42:54','2020-02-12 13:14:33',3),('1981-10-11','f','Port Dahlia','Swaziland',20,'1973-09-16 22:04:05','2020-02-12 13:14:33',46),('1970-06-27','f','North Jocelyn','Uganda',89,'1976-07-19 07:20:40','2020-02-12 13:14:33',20),('1978-04-03','m','West Dominic','Tanzania',82,'2004-04-22 21:02:51','2020-02-12 13:14:33',62),('1980-02-14','m','Arvillaville','Ireland',46,'2013-01-25 13:03:57','2020-02-12 13:14:33',50),('1989-05-12','m','East Elouise','Lebanon',81,'2016-06-22 21:11:37','2020-02-12 13:14:33',62),('2014-01-13','f','Palmahaven','Costa Rica',66,'1980-12-05 08:02:16','2020-02-12 13:14:33',60),('1991-01-25','f','South Berneiceton','South Africa',89,'2002-10-08 23:57:07','2020-02-12 13:14:33',12),('1989-01-27','m','Ressietown','Jamaica',47,'2009-09-28 14:11:11','2020-02-12 13:14:33',80),('1971-03-14','m','Lake Clotildeborough','Poland',65,'2013-09-16 12:42:32','2020-02-12 13:14:33',66),('2006-02-03','m','Ernieview','Nauru',85,'1997-09-23 09:37:12','2020-02-12 13:14:33',88),('1977-05-22','f','Shieldston','Slovenia',29,'2009-12-11 23:20:13','2020-02-12 13:14:33',42),('2011-04-30','m','Lake Joaquinton','South Georgia and the South Sandwich Islands',90,'2012-09-30 13:39:15','2020-02-12 13:14:33',44),('2013-02-02','m','Joshuahfurt','Ethiopia',62,'1973-06-21 20:22:46','2020-02-12 13:14:33',92),('2010-10-14','f','Kathrynland','Wallis and Futuna',39,'2008-09-18 01:54:26','2020-02-12 13:14:33',31),('1997-06-30','f','Cloydberg','Croatia',11,'2020-01-23 12:08:02','2020-02-12 13:14:33',77),('1984-01-09','m','East Alyssonberg','Eritrea',34,'1983-05-16 15:54:46','2020-02-12 13:14:33',90),('2005-06-14','m','North Georgettemouth','Ghana',39,'1987-10-29 23:36:32','2020-02-12 13:14:33',19),('1975-11-07','m','Smithmouth','Heard Island and McDonald Islands',92,'1979-10-18 05:23:34','2020-02-12 13:14:33',25),('1989-09-21','f','West Isadoremouth','Fiji',43,'1976-06-23 06:47:22','2020-02-12 13:14:33',66),('1999-09-07','m','Lake Herbert','United Kingdom',37,'2011-06-03 21:48:32','2020-02-12 13:14:33',55),('2008-07-03','m','Powlowskiberg','Moldova',57,'1996-11-27 13:14:35','2020-02-12 13:14:33',77),('1987-09-12','f','Parisianberg','Anguilla',71,'1995-01-21 19:16:12','2020-02-12 13:14:33',20),('1989-12-03','m','Port Lewisstad','Ireland',86,'1991-11-03 06:45:12','2020-02-12 13:14:33',66),('2015-04-24','f','East Delbert','Iceland',17,'1978-01-02 19:17:54','2020-02-12 13:14:33',71),('2019-08-05','f','West Huldatown','Northern Mariana Islands',26,'2001-01-02 16:07:12','2020-02-12 13:14:33',58),('2017-10-18','f','Lake Karistad','Algeria',79,'1994-02-15 17:05:44','2020-02-12 13:14:33',78),('1988-07-01','f','New Wilburn','Papua New Guinea',15,'1986-09-28 08:50:06','2020-02-12 13:14:33',12),('1989-01-23','f','Nigelfurt','Portugal',39,'2009-06-28 08:36:50','2020-02-12 13:14:33',25),('1971-12-08','m','West Paula','Albania',48,'1997-11-05 18:37:49','2020-02-12 13:14:33',91),('1979-06-22','f','Lake Brandynhaven','Madagascar',25,'1977-06-20 09:25:08','2020-02-12 13:14:33',78),('2014-08-28','f','Kuphalville','Saint Kitts and Nevis',79,'2013-06-04 14:36:22','2020-02-12 13:14:33',18),('1987-05-12','f','Port Selenahaven','Jordan',21,'1978-05-27 12:45:45','2020-02-12 13:14:33',53),('1989-02-02','m','Teresaville','Tanzania',67,'1988-04-15 01:36:57','2020-02-12 13:14:33',13),('1979-04-14','f','Lake Litzy','Niger',72,'1987-01-19 20:52:37','2020-02-12 13:14:33',6),('2002-04-13','m','East Albertamouth','Saint Pierre and Miquelon',58,'2012-02-03 00:50:52','2020-02-12 13:14:33',90),('1986-04-08','m','Jonton','Samoa',73,'2001-11-17 22:55:30','2020-02-12 13:14:33',30),('2015-07-21','f','Erdmanport','Niue',92,'1982-03-06 02:52:30','2020-02-12 13:14:33',82),('2012-03-28','f','New Catherine','Egypt',39,'1978-06-15 15:36:07','2020-02-12 13:14:33',20),('1981-10-28','m','West Travisshire','Tokelau',18,'1975-09-28 07:53:52','2020-02-12 13:14:33',51),('2011-03-02','m','Port Rusty','Georgia',73,'1978-11-29 21:30:13','2020-02-12 13:14:33',95),('1995-03-05','m','North Troyville','Haiti',10,'1971-08-09 13:13:10','2020-02-12 13:14:33',23),('2012-06-07','m','Trevionmouth','Netherlands',31,'1993-03-23 10:16:06','2020-02-12 13:14:33',28),('1984-03-31','m','Herthabury','Djibouti',25,'1994-08-01 23:48:18','2020-02-12 13:14:33',73),('2013-01-28','m','Manuelafurt','Macao',33,'1994-07-30 20:38:51','2020-02-12 13:14:33',79),('1994-02-21','f','Port Braden','Liechtenstein',88,'1989-12-21 12:12:01','2020-02-12 13:14:33',76),('2015-10-26','f','North Savion','Guadeloupe',39,'2018-07-11 17:41:16','2020-02-12 13:14:33',42),('2002-02-04','m','North Shaniatown','Macedonia',31,'2011-05-16 19:08:42','2020-02-12 13:14:33',80),('1989-12-10','f','South Roslyn','Venezuela',39,'1995-05-08 03:22:18','2020-02-12 13:14:33',75),('1986-08-17','f','East Samanthashire','Antarctica (the territory South of 60 deg S)',2,'2006-11-06 15:28:48','2020-02-12 13:14:33',34),('2012-05-10','m','West Guillermomouth','Belarus',90,'2005-07-26 12:11:28','2020-02-12 13:14:33',43),('2002-12-07','f','Murrayview','Iran',43,'2005-12-27 15:47:53','2020-02-12 13:14:33',13),('1997-07-22','m','Norbertberg','Faroe Islands',46,'1980-10-05 11:33:31','2020-02-12 13:14:33',34),('1977-02-26','m','Adolfbury','Iraq',1,'2002-10-09 06:17:39','2020-02-12 13:14:33',32),('1978-11-18','m','South Winonaburgh','Libyan Arab Jamahiriya',67,'2009-08-30 00:17:35','2020-02-12 13:14:33',56),('1991-01-03','m','East Gregoryberg','Central African Republic',30,'1987-11-11 12:20:21','2020-02-12 13:14:33',86),('2000-03-20','f','Ludwigtown','Syrian Arab Republic',49,'2008-08-04 22:29:33','2020-02-12 13:14:33',61),('2012-08-03','m','McCulloughview','Spain',56,'2003-02-16 13:02:19','2020-02-12 13:14:33',46),('1974-02-14','m','Daijaport','Iran',32,'1979-06-19 15:08:46','2020-02-12 13:14:33',45),('2017-12-24','m','East Rudy','Guadeloupe',90,'1998-12-17 01:14:11','2020-02-12 13:14:33',87),('1972-09-13','m','Lake Leilaniside','Guam',54,'2017-12-24 02:19:02','2020-02-12 13:14:33',2),('1974-12-20','f','Handborough','Liberia',2,'1975-01-15 12:48:54','2020-02-12 13:14:33',46),('1986-10-11','m','North Sybletown','Taiwan',45,'1970-08-06 16:47:35','2020-02-12 13:14:33',23),('1989-09-13','m','North Margechester','Tuvalu',19,'1984-12-08 11:22:40','2020-02-12 13:14:33',75),('2009-03-10','m','Lunaville','Armenia',61,'1975-08-02 06:55:53','2020-02-12 13:14:33',9),('1990-02-19','m','Lake Dionberg','Jersey',48,'2003-04-14 12:19:45','2020-02-12 13:14:33',17),('1981-01-03','f','Corkerytown','Mayotte',56,'1970-12-15 23:50:22','2020-02-12 13:14:33',58),('1980-08-08','f','Rathtown','Liechtenstein',36,'1991-01-05 11:26:42','2020-02-12 13:14:33',40),('2016-04-24','f','West Travonmouth','Burkina Faso',9,'2014-04-07 18:17:01','2020-02-12 13:14:33',23),('1977-05-21','m','O\'Reillyfort','Pakistan',37,'2015-02-05 15:59:24','2020-02-12 13:14:33',97),('2018-10-11','f','South Myrtiefort','Niger',58,'1996-01-07 16:09:05','2020-02-12 13:14:33',15),('2005-06-28','m','Runolfsdottirburgh','China',78,'2015-07-04 11:53:46','2020-02-12 13:14:33',82),('1999-10-11','f','West Kamillemouth','Niger',16,'1996-01-13 15:20:25','2020-02-12 13:14:33',66),('1991-05-08','f','West Emmiebury','Fiji',46,'2011-04-26 10:04:53','2020-02-12 13:14:33',81),('1979-02-02','m','Hyattborough','New Zealand',80,'1973-10-02 21:04:57','2020-02-12 13:14:33',10),('1981-08-09','f','Mariettaside','Isle of Man',60,'2002-01-17 21:33:33','2020-02-12 13:14:33',4),('1974-10-11','f','Port Robbfort','Saint Helena',63,'1985-09-18 01:35:38','2020-02-12 13:14:33',90),('1999-06-21','f','Dickinsonborough','Gabon',32,'2006-03-02 05:46:26','2020-02-12 13:14:33',38),('1975-02-26','f','Pabloview','Malaysia',70,'1973-05-16 17:39:45','2020-02-12 13:14:33',19),('1991-08-02','f','West Sid','Uruguay',55,'1999-04-16 14:08:42','2020-02-12 13:14:33',80),('2016-07-18','f','Lake Vena','Isle of Man',64,'2004-08-01 07:39:36','2020-02-12 13:14:33',42);
/*!40000 ALTER TABLE `profiles` ENABLE KEYS */;
UNLOCK TABLES;

--
-- Table structure for table `users`
--

DROP TABLE IF EXISTS `users`;
/*!40101 SET @saved_cs_client     = @@character_set_client */;
/*!50503 SET character_set_client = utf8mb4 */;
CREATE TABLE `users` (
  `id` int unsigned NOT NULL AUTO_INCREMENT,
  `first_name` varchar(100) CHARACTER SET utf8 COLLATE utf8_unicode_ci NOT NULL,
  `last_name` varchar(100) CHARACTER SET utf8 COLLATE utf8_unicode_ci NOT NULL,
  `email` varchar(120) CHARACTER SET utf8 COLLATE utf8_unicode_ci NOT NULL,
  `phone` varchar(15) CHARACTER SET utf8 COLLATE utf8_unicode_ci NOT NULL,
  `password` varchar(15) CHARACTER SET utf8 COLLATE utf8_unicode_ci DEFAULT NULL,
  `created_at` datetime DEFAULT CURRENT_TIMESTAMP,
  `updated_at` datetime DEFAULT CURRENT_TIMESTAMP ON UPDATE CURRENT_TIMESTAMP,
  PRIMARY KEY (`id`),
  UNIQUE KEY `email` (`email`),
  UNIQUE KEY `phone` (`phone`)
) ENGINE=InnoDB AUTO_INCREMENT=101 DEFAULT CHARSET=utf8 COLLATE=utf8_unicode_ci;
/*!40101 SET character_set_client = @saved_cs_client */;

--
-- Dumping data for table `users`
--

LOCK TABLES `users` WRITE;
/*!40000 ALTER TABLE `users` DISABLE KEYS */;
INSERT INTO `users` VALUES (1,'Sofia','Lind','wisozk.zane@example.com','217-127-2579x16','d2aedb1d3c03dc2','1980-09-10 15:15:24','1992-10-01 15:08:56'),(2,'Luis','Mante','araceli.lehner@example.com','1-961-699-2233x','44b85a9d46bfc34','2009-01-11 04:00:36','2017-02-25 22:08:42'),(3,'Jovany','O\'Conner','west.hazel@example.org','(747)277-8490x7','1f2eb4de7e6ac63','1989-04-23 08:42:00','2020-02-12 07:19:19'),(4,'Alberta','Ritchie','margarete.gleichner@example.com','+82(4)009285859','c603d707d5ce878','2007-11-09 20:28:01','2020-02-12 07:19:19'),(5,'Sylvan','Dicki','halvorson.retha@example.net','359.990.9560x97','76d350fb34fd1e7','1986-05-04 07:25:34','2020-02-12 07:19:19'),(6,'Constance','O\'Reilly','izaiah28@example.org','317.827.2431','0a00170f17ef7b6','1988-06-09 08:28:00','2020-02-12 07:19:19'),(7,'Samantha','Lehner','jflatley@example.com','837-688-0882','d75543171a46a94','1983-11-12 02:14:59','1986-11-11 09:44:09'),(8,'Earlene','Pfeffer','marquis.becker@example.com','324-213-0269x74','a8a181de54fd804','1976-10-09 14:42:26','2006-04-13 05:32:28'),(9,'Summer','Sawayn','hwitting@example.org','432-352-6793x42','d09b1c59cc3e9c6','1982-05-19 23:28:23','1990-07-06 09:47:06'),(10,'Alana','Sauer','collier.wyman@example.org','836-899-4354','dffb7cdda3448c7','1981-07-19 05:19:30','2005-06-17 18:08:18'),(11,'Lyric','Champlin','morar.dominic@example.net','1-667-532-0708x','c986e93f367fd83','1981-05-28 10:22:06','2020-02-12 07:19:19'),(12,'Dexter','Schuster','hettie96@example.org','+19(6)560798495','40fd1d613e1690e','1975-11-13 08:44:13','2001-01-07 08:13:15'),(13,'Enid','Johns','matteo16@example.org','(473)363-4285','2d8e5b358fdcfae','1974-02-20 04:40:06','2013-03-25 23:56:43'),(14,'Patrick','Fritsch','joyce51@example.com','+47(0)950862411','105c144d16af755','1980-04-22 18:10:36','2000-04-23 01:10:48'),(15,'Clark','Jast','zfay@example.org','(420)979-2240x8','318f4165db429f3','1970-11-18 13:21:44','2020-02-12 07:19:19'),(16,'Kamille','Zemlak','olen.sanford@example.com','05262610722','1fa39139cf7c29c','2017-12-21 07:41:31','2018-01-14 19:29:15'),(17,'Jerome','Weissnat','cydney17@example.com','+44(3)368945981','1e9b4cf1c5ac222','1988-05-05 22:45:15','2020-02-12 07:19:19'),(18,'Larissa','Hodkiewicz','vzieme@example.com','(936)643-2502','cc1029d9743759c','1986-07-02 14:42:28','2001-12-22 02:33:41'),(19,'Helen','Lindgren','medhurst.flavio@example.net','(619)599-9503x7','345c92192c42bf7','1973-01-19 02:54:35','2020-02-12 07:19:19'),(20,'Caroline','Bosco','jordy01@example.org','07106416759','b6dbb823bd8913d','1975-03-10 06:03:09','2004-07-06 00:00:59'),(21,'Scottie','Simonis','beier.adelle@example.org','113-822-4826x62','01516238e9cafe8','1974-09-04 07:22:43','2020-02-12 07:19:19'),(22,'Ernesto','Jerde','ben52@example.net','1-027-195-2186','7e356871faff99c','1985-06-30 17:17:23','2020-02-12 07:19:19'),(23,'David','Toy','hgottlieb@example.net','073-147-7641','dc0c2bd8dd89c98','1974-06-26 04:37:55','2002-11-27 18:45:02'),(24,'Nia','Paucek','vernice79@example.com','(315)194-4109x0','f5bd0c09ab052d9','1972-02-22 03:06:33','2020-02-12 07:19:19'),(25,'Genesis','Johns','nolan34@example.org','+11(9)407428803','a7dee2d54dad9d5','1973-10-25 07:40:45','2017-08-29 14:59:55'),(26,'Amir','Stroman','bartholome.koepp@example.org','630-607-4711','4fcb5a94c138d7e','1980-08-07 13:18:19','2004-09-07 01:35:31'),(27,'Arnoldo','Robel','lavern.cormier@example.com','1-462-280-5483x','b841882cfb49925','1975-06-23 07:40:55','2020-02-12 07:19:19'),(28,'Orion','Nolan','cory.wolf@example.net','671-257-5770x08','8d8f3140b1ae159','1988-11-25 15:10:55','1996-07-29 05:33:10'),(29,'Karli','Dickinson','lynch.caitlyn@example.org','287-334-0135','83cbbd93a385c7e','1996-05-30 18:32:50','2012-04-25 19:55:30'),(30,'Greg','Emmerich','marquardt.rahul@example.org','597.623.5264x92','c3ef6e96e3b90cd','1976-02-06 02:31:03','2020-02-12 07:19:19'),(31,'Emilie','Zemlak','lisette84@example.com','(265)630-7733x6','39dc1e4a1a29c10','1987-04-18 15:43:42','1989-11-16 10:08:28'),(32,'Jeffery','Kutch','bruen.rocio@example.com','275.401.2849','cac80e95d0dcb6c','1970-01-12 18:51:10','2014-10-10 11:36:04'),(33,'Augustine','Kuhlman','destiny64@example.org','(577)638-3876','3b5ca10aab5e5d3','1972-02-18 07:42:47','1975-08-07 16:40:37'),(34,'Jolie','Schneider','trace.waelchi@example.net','(278)943-2611x3','06d0692ecde9f28','2008-12-30 12:55:05','2020-02-12 07:19:19'),(35,'Humberto','Steuber','stacy36@example.com','249-145-5252x30','78c93dbb4b49501','1973-01-16 13:16:53','1974-10-23 07:00:31'),(36,'Tatum','Ward','annalise.kihn@example.net','(042)283-9882','b6cb8a86a0a16f9','2007-06-03 12:43:32','2011-05-31 08:41:47'),(37,'Terrance','Cummings','maiya.prohaska@example.com','1-552-118-5646','7930a84619bc9c0','1983-12-27 22:36:51','2003-04-12 15:54:24'),(38,'Casimir','Powlowski','schinner.tyler@example.com','596.960.8376x56','da90feffd065dc6','1975-11-26 15:39:48','2020-02-12 07:19:19'),(39,'Chad','Blanda','mackenzie25@example.com','(858)223-1203','87f5280f24d4330','1983-11-24 04:59:38','2018-12-21 09:40:14'),(40,'Eliza','Homenick','janae95@example.net','01282827843','0fd66bf0bf00b40','1995-11-20 14:25:08','2020-02-12 07:19:19'),(41,'Kari','Hauck','gkuhn@example.org','1-533-020-9759','0fb21642b250df7','2000-05-27 15:49:31','2015-05-05 13:12:03'),(42,'Floy','Feeney','batz.aryanna@example.org','345.096.7487','023320a0316a91c','1986-12-25 18:37:24','2020-02-12 07:19:19'),(43,'Alison','Gaylord','viva37@example.net','1-934-555-0427x','0ec291b925c6139','1976-09-16 21:16:04','1991-09-23 11:44:55'),(44,'Stevie','Konopelski','marley.witting@example.net','(029)007-0791x6','7c3f24e355cefaa','1977-05-08 16:02:10','2010-04-03 07:54:37'),(45,'Reid','Hoppe','lyla.stiedemann@example.org','425.556.8317x88','ff697a59bc44d77','1975-12-30 04:27:05','2020-02-12 07:19:19'),(46,'Rolando','Tremblay','wkohler@example.com','09537081700','22b3b9b74ef2766','1974-10-19 00:42:44','2020-02-12 07:19:19'),(47,'Issac','Upton','rpollich@example.org','268-049-3825x92','f2fd1135ffef11b','2008-12-19 10:06:07','2010-03-01 21:18:54'),(48,'Diana','Heaney','gchristiansen@example.net','(993)327-6453','017cf34f4cc424c','2009-09-28 19:17:10','2020-02-12 07:19:19'),(49,'Lottie','Becker','daphne.crona@example.net','(190)049-3552','629c2261bb6af72','1992-07-22 01:46:23','2020-02-12 07:19:19'),(50,'Earl','Wilderman','uosinski@example.com','529.253.5606x50','0cd337d1076974b','2004-07-23 21:22:17','2007-01-28 04:50:21'),(51,'Mellie','Hyatt','ipadberg@example.org','664-839-7704x37','72eb768adde3de1','1979-08-31 20:09:10','2020-02-12 07:19:19'),(52,'Titus','Gusikowski','dwight.crist@example.org','(850)030-2169x8','35b2bc5edeb52ed','1982-01-31 07:06:51','1998-05-17 22:38:13'),(53,'Nichole','Doyle','beier.eula@example.org','1-666-301-8167','a54d10b4cfca41b','1970-03-20 14:48:12','2020-02-12 07:19:19'),(54,'Grace','Bergstrom','kallie30@example.net','391-996-2616','6ff9466beb3e3a9','1980-09-01 00:42:39','1990-01-18 10:59:12'),(55,'Cyrus','Rolfson','christiansen.ashly@example.net','963-930-8459x64','122dc247a9256ec','1985-08-26 06:47:53','2020-02-12 07:19:19'),(56,'Susie','McDermott','tromp.raven@example.com','652-442-3584x96','ea4e199d1f765eb','1970-06-29 23:40:47','2020-02-12 07:19:19'),(57,'Evie','Ryan','mikayla.boehm@example.net','110.446.0564x98','e9e8bf88bc20f3a','1977-08-25 17:29:17','2020-02-12 07:19:19'),(58,'Lisette','Armstrong','dalton54@example.com','015.728.8954','16bbfb8d42d15ce','1989-03-23 00:26:55','2000-08-27 20:30:37'),(59,'Josiane','Mertz','elfrieda.kulas@example.net','708-558-7646','59f2dc91cb6d6d1','1990-09-01 09:12:21','2020-02-12 07:19:19'),(60,'Jaycee','Mohr','ustiedemann@example.org','1-288-782-9472','433e3895c7a23e3','1997-06-04 00:54:29','2002-01-29 06:42:25'),(61,'Pansy','Grady','doyle.price@example.org','766-790-6131','78e784a730d14c8','1986-11-18 01:23:34','2011-11-04 22:40:03'),(62,'Earnestine','Waelchi','iankunding@example.com','360-963-9967x73','efeb37c841e0559','1994-08-06 17:58:23','2020-02-12 07:19:19'),(63,'Keeley','Casper','ishanahan@example.org','790-569-0404x30','87cc844f0d3a140','1983-11-06 15:09:19','1988-08-23 14:30:29'),(64,'Asia','Schmidt','raegan.littel@example.org','098-610-8246','46fe3eb6cc10ab7','1988-03-17 12:05:33','2020-02-12 07:19:19'),(65,'Richard','Feil','esporer@example.com','08837636151','7c790f41b9b2dbb','1976-10-27 12:06:09','2020-02-12 07:19:19'),(66,'Myrl','Moen','zbosco@example.org','(353)437-6829x5','dc9e0bf7bd782a5','1990-04-09 12:06:30','2020-02-12 07:19:19'),(67,'Retta','DuBuque','dariana.cremin@example.net','+58(1)070846316','f2181b40282d1a3','2004-08-29 20:25:40','2020-02-12 07:19:19'),(68,'Vivien','Will','hackett.greg@example.com','(964)660-9762x6','5695be39414017d','1982-05-22 22:47:21','2020-02-12 07:19:19'),(69,'Colin','Deckow','cristian17@example.net','08898199557','fc40619cca9ffb5','2008-05-02 05:58:24','2020-02-12 07:19:19'),(70,'Valerie','Fritsch','vschumm@example.net','489.172.1371','699178d56f724b9','2002-03-31 22:19:00','2020-02-12 07:19:19'),(71,'Georgianna','Gleason','heller.jerry@example.com','464-379-9209x83','72ee9e4e365faa3','1979-06-21 20:50:14','2020-02-12 07:19:19'),(72,'Daisy','Bernhard','kiarra.orn@example.net','1-743-207-9089x','4a3d857833f9887','1975-09-18 18:39:09','2019-08-17 11:36:29'),(73,'Laura','Mueller','mcdermott.bettie@example.org','+45(7)294918348','11f8e8181491331','1992-07-07 23:54:50','2020-02-12 07:19:19'),(74,'Hubert','Hickle','justina03@example.org','1-242-226-4512x','56d4fbe9f361e7e','1974-09-07 12:23:58','1986-10-19 16:05:03'),(75,'Julian','Stark','nkutch@example.com','(258)634-0700x6','3bfe46c3d33ab44','1976-09-12 19:56:11','1995-05-19 19:00:19'),(76,'Sigurd','Hilpert','ckerluke@example.net','268.497.9000x54','de4cd4cd7f54cf7','1977-03-09 07:24:59','2020-02-12 07:19:19'),(77,'Ambrose','Reynolds','vschiller@example.org','(791)895-0612x0','532a3ae7ffbe98f','1991-10-06 17:48:39','1994-07-01 07:16:27'),(78,'Adriel','Toy','nadams@example.com','1-424-794-4445x','1fcd511e35944eb','1981-11-27 16:22:41','2020-02-12 07:19:19'),(79,'Cullen','Gleichner','francisco10@example.org','(722)371-6378','be8ec885bf4cbaf','1973-11-30 04:15:19','2020-02-12 07:19:19'),(80,'Emilia','Turner','dayton.schulist@example.net','290.580.1744x67','ee833f2cbe36a13','2004-05-11 23:11:19','2020-02-12 07:19:19'),(81,'Elijah','Swift','glenna.hilpert@example.org','1-897-547-4398x','b811ca35f6932b7','1976-07-04 11:36:14','2000-12-27 01:18:42'),(82,'Alize','Konopelski','marielle.kozey@example.com','1-717-395-3961','e99d4ca6a2fe8d8','1979-12-03 21:13:02','2020-02-12 07:19:19'),(83,'Josefa','Harber','jcruickshank@example.com','733.801.2278','bfbec0e7e109004','1971-12-19 00:27:28','2020-02-12 07:19:19'),(84,'Anissa','Rosenbaum','norris.harber@example.net','(700)124-0374x7','2aac55e9b431832','1983-10-19 20:53:20','2020-02-12 07:19:19'),(85,'Maribel','Eichmann','larson.tyson@example.net','03598277974','ef9fcc6581f7e39','1990-01-21 14:27:01','2020-02-12 07:19:19'),(86,'Derrick','Hodkiewicz','alexys86@example.com','993.196.8554x79','89c41b83474c965','1975-05-10 23:49:38','2020-02-12 07:19:19'),(87,'Jerry','Lockman','kuphal.king@example.org','309.015.9889x82','e97615c744a2dba','2002-10-12 23:59:26','2016-11-18 23:25:14'),(88,'Queen','Morissette','mosciski.delilah@example.net','324.324.6058x52','c0226cf9e5f49b5','1990-04-23 14:19:00','2020-02-12 07:19:19'),(89,'Arvel','Davis','amcclure@example.net','204.465.7295x19','2b0600ecd2977f3','1974-08-09 09:33:53','2020-02-12 07:19:19'),(90,'Annabell','Keeling','chaim.kuvalis@example.net','752-599-2179x11','f4236da2a454640','1982-09-17 04:15:23','1990-07-04 07:43:38'),(91,'Julie','Quigley','bechtelar.lina@example.com','06536301555','6cc9b22c9f2a04b','2012-02-14 19:54:21','2013-11-18 00:06:25'),(92,'Shaylee','Bergstrom','isaias53@example.net','+59(6)113802649','f8b152446c6231b','1996-07-04 20:03:53','2020-02-12 07:19:19'),(93,'Cade','Quitzon','grant.jensen@example.org','160.443.7341x96','00cddfbe1d9563e','1973-04-23 05:00:59','1988-07-27 06:50:33'),(94,'Julian','Steuber','boyle.clifton@example.org','117.024.3524x79','61384b75488fc9f','1981-12-07 16:15:23','2020-02-12 07:19:19'),(95,'Spencer','Jones','beulah74@example.com','(914)705-1517','2b74deec1ce57b1','2005-08-16 18:07:00','2020-02-12 07:19:19'),(96,'Octavia','Smith','cristina67@example.com','296.519.6043x41','7f4cf6cab27ff89','1981-05-21 03:13:39','2011-03-01 14:53:52'),(97,'Wendy','Bechtelar','gregorio89@example.com','(735)943-0005','b8a314c0568dc86','1977-03-10 00:09:58','2020-02-12 07:19:19'),(98,'Hellen','McDermott','barrett82@example.net','587-983-0509','b66267c692c002b','1979-02-01 03:26:14','2020-02-12 07:19:19'),(99,'Eduardo','Weissnat','adavis@example.net','458-208-0738x47','66fa0d0ccc72046','1978-05-21 03:57:44','1997-06-07 21:44:42'),(100,'Odell','Kozey','darrick81@example.org','1-116-723-9008','b4799761dd66d97','1988-06-24 09:23:03','1997-04-08 12:05:42');
/*!40000 ALTER TABLE `users` ENABLE KEYS */;
UNLOCK TABLES;
/*!40103 SET TIME_ZONE=@OLD_TIME_ZONE */;

/*!40101 SET SQL_MODE=@OLD_SQL_MODE */;
/*!40014 SET FOREIGN_KEY_CHECKS=@OLD_FOREIGN_KEY_CHECKS */;
/*!40014 SET UNIQUE_CHECKS=@OLD_UNIQUE_CHECKS */;
/*!40101 SET CHARACTER_SET_CLIENT=@OLD_CHARACTER_SET_CLIENT */;
/*!40101 SET CHARACTER_SET_RESULTS=@OLD_CHARACTER_SET_RESULTS */;
/*!40101 SET COLLATION_CONNECTION=@OLD_COLLATION_CONNECTION */;
/*!40111 SET SQL_NOTES=@OLD_SQL_NOTES */;

-- Dump completed on 2020-02-12 18:48:09
